"customer_id","first_name","last_name","gender","phone_number","email","address","city","state","zipcode","county","dob","is_active","loyalty_member","date_created","date_inactive","date_updated"
"1","Joseph","Anderson","M","240-555-4124","anderson590@notinbox.net","80494 Hummingbird Dr","Dunn","NC","28334","Harnett","1952-04-22","1","1","2023-01-21 00:00:00",\N,"2026-04-21 16:32:41"
"2","Luna","Green","F","476-555-2407","greenluna247@notinbox.net","32235 Elm St","Holly Springs","NC","27540","Wake","1942-07-26","1","0","2019-03-15 00:00:00",\N,"2026-04-21 16:33:26"
"3","Richard","Hernandez","M","385-555-5744","richardhernandez724@fakeinbox.net","77657 Cardinal Ave","Raleigh","NC","27615","Wake","1940-06-22","1","0","2022-05-21 00:00:00",\N,"2026-04-21 16:32:41"
"4","Richard","Allen","M","315-555-9517","richard595@fakeinbox.net","13624 Dogwood St","Raleigh","NC","27612","Wake","1951-03-04","1","1","2020-10-08 00:00:00",\N,"2026-04-21 16:32:41"
"5","Susan","Johnson","F","365-555-6207","johnsonsusan699@nachomail.net","22809 Central Ave","Garner","NC","27529","Wake","1968-10-26","1","0","2024-12-20 00:00:00",\N,"2026-04-21 16:33:26"
"6","Lisa","Hernandez","F","238-555-8507","lisa334@offlinemail.com","9599 Church St","Raleigh","NC","27616","Wake","1961-05-21","1","1","2021-09-18 00:00:00",\N,"2026-04-21 16:33:26"
"7","William","Adams","M","212-555-9665","williamadams495@offlinemail.com","82922 Magnolia Rd","Fuquay-Varina","NC","27526","Wake","1942-09-05","1","1","2021-12-06 00:00:00",\N,"2026-04-21 16:33:50"
"8","Jessica","Thomas","F","326-555-8282","jessicat348@notinbox.net","30360 Lincoln Ave","Clayton","NC","27520","Johnston","1982-09-22","1","0","2025-07-06 00:00:00",\N,"2026-04-21 16:33:26"
"9","Thomas","Anderson","M","449-555-8756","tanderson617@nachomail.net","40895 Maple Ave","Durham","NC","27704","Durham","1956-03-30","1","1","2020-12-12 00:00:00",\N,"2026-04-21 16:32:41"
"10","William","Brown","M","283-555-6430","brown412@notinbox.net","41662 Central Ave","Raleigh","NC","27616","Wake","1943-05-25","1","1","2023-10-01 00:00:00",\N,"2026-04-21 16:33:50"
"11","Patricia","Williams","F","402-555-3048","patriciaw180@notinbox.net","84812 Cardinal Ave","Raleigh","NC","27616","Wake","2000-11-18","1","1","2022-05-07 00:00:00",\N,"2026-04-21 16:33:26"
"12","Elizabeth","Johnson","F","386-555-2595","elizabethj886@fakeinbox.net","99366 Walnut Ave","Cary","NC","27513","Wake","1984-10-25","1","1","2021-06-29 00:00:00",\N,"2026-04-21 16:33:26"
"13","Christopher","Williams","M","333-555-3145","williamschristopher578@fakeinbox.net","7474 Central Ave","Holly Springs","NC","27540","Wake","1968-05-30","1","0","2021-06-03 00:00:00",\N,"2026-04-21 16:32:41"
"14","Mary","Jones","F","462-555-7906","jones124@offlinemail.com","80724 Birch St","Cary","NC","27511","Wake","1943-01-30","0","0","2019-08-30 00:00:00","2024-12-31 00:00:00","2026-04-21 16:33:26"
"15","Charlotte","Williams","F","229-555-7345","williams151@offlinemail.com","26493 Cedar Ln","Cary","NC","27513","Wake","1945-12-12","1","1","2020-04-27 00:00:00",\N,"2026-04-21 16:33:26"
"16","Jason","Green","M","388-555-1207","jason570@offlinemail.com","91361 Spruce Ln","Clayton","NC","27520","Johnston","1973-05-28","1","0","2026-04-06 00:00:00",\N,"2026-04-21 16:32:41"
"17","Charles","Taylor","M","238-555-5565","ctaylor370@fakemail.com","58541 Circle Dr","Raleigh","NC","27606","Wake","1978-02-04","1","0","2022-04-05 00:00:00",\N,"2026-04-21 16:32:41"
"18","Luna","Brown","F","223-555-6146","luna730@fakeinbox.net","47366 State St","Raleigh","NC","27601","Wake","1955-06-21","1","1","2020-10-10 00:00:00",\N,"2026-04-21 16:33:26"
"19","Thomas","Williams","M","380-555-3683","williamsthomas186@notinbox.net","8775 Hummingbird Dr","Cary","NC","27513","Wake","2001-08-22","1","1","2025-05-15 00:00:00",\N,"2026-04-21 16:32:41"
"20","Florence","Cooper","F","439-555-7663","florencecooper914@fakemail.com","44691 Laurel Rd","Durham","NC","27701","Durham","1999-04-23","0","0","2020-04-07 00:00:00","2022-07-10 00:00:00","2026-04-21 16:33:26"
"21","John","Bell","M","447-555-3392","john142@offlinemail.com","84464 State St","Raleigh","NC","27607","Wake","1947-11-16","1","0","2023-05-30 00:00:00",\N,"2026-04-21 16:32:41"
"22","Richard","Cooper","M","258-555-5294","rcooper998@notinbox.net","39738 Main St","Raleigh","NC","27607","Wake","1963-07-17","0","1","2023-05-04 00:00:00","2024-09-06 00:00:00","2026-04-21 16:32:41"
"23","Stephanie","Moore","F","444-555-1343","stephaniemoore612@notinbox.net","54139 Elm St","Cary","NC","27511","Wake","1940-01-07","1","0","2023-08-17 00:00:00",\N,"2026-04-21 16:33:26"
"24","Richard","Jones","M","216-555-9001","richard491@nachomail.net","88404 Cardinal Ave","Fuquay-Varina","NC","27526","Wake","1984-06-02","0","1","2022-05-07 00:00:00","2022-12-17 00:00:00","2026-04-21 16:32:41"
"25","Stephanie","Bell","F","308-555-6328","stephanieb111@offlinemail.com","32650 Pine St","Raleigh","NC","27606","Wake","1997-05-02","1","0","2023-07-22 00:00:00",\N,"2026-04-21 16:33:26"
"26","Charlotte","Williams","F","292-555-7654","charlottew778@offlinemail.com","57178 Church St","Durham","NC","27701","Durham","1949-10-16","1","1","2021-12-26 00:00:00",\N,"2026-04-21 16:33:26"
"27","Thomas","Clark","M","485-555-9581","tclark48@fakeinbox.net","91058 Washington St","Apex","NC","27502","Wake","1990-02-28","1","0","2020-04-02 00:00:00",\N,"2026-04-21 16:32:41"
"28","Florence","White","F","462-555-1928","whiteflorence312@nachomail.net","96686 Circle Dr","Durham","NC","27701","Durham","2004-09-03","0","1","2022-09-20 00:00:00","2024-03-06 00:00:00","2026-04-21 16:33:26"
"29","Nancy","Allen","F","256-555-4876","nancyallen486@nachomail.net","46926 Birch St","Garner","NC","27529","Wake","2000-08-20","1","1","2023-08-14 00:00:00",\N,"2026-04-21 16:33:26"
"30","Michael","Wilson","M","230-555-4191","wilsonmichael655@notinbox.net","53472 Shady Ln","Durham","NC","27704","Durham","1975-08-18","1","0","2021-01-22 00:00:00",\N,"2026-04-21 16:32:41"
"31","Michael","Martin","M","224-555-9152","martin859@fakeinbox.net","20264 Jefferson St","Raleigh","NC","27614","Wake","1970-05-28","0","0","2020-04-13 00:00:00","2023-09-30 00:00:00","2026-04-21 16:32:41"
"32","Daniel","Smith","M","465-555-9231","danielsmith262@fakeinbox.net","51735 Magnolia Rd","Erwin","NC","28339","Harnett","1971-03-26","0","0","2021-07-10 00:00:00","2024-08-30 00:00:00","2026-04-21 16:32:41"
"33","Mary","Hernandez","F","209-555-3319","maryhernandez758@nachomail.net","22633 Washington St","Raleigh","NC","27614","Wake","1967-08-16","1","1","2026-03-15 00:00:00",\N,"2026-04-21 16:33:26"
"34","Sarah","Johnson","F","226-555-9631","johnsonsarah352@fakeinbox.net","45373 Maple Ave","Raleigh","NC","27607","Wake","1983-11-20","1","1","2025-02-02 00:00:00",\N,"2026-04-21 16:33:26"
"35","Barbara","Martinez","F","347-555-6420","bmartinez300@notinbox.net","84337 Circle Dr","Garner","NC","27529","Wake","1979-09-26","1","0","2020-07-28 00:00:00",\N,"2026-04-21 16:33:26"
"36","David","Williams","M","315-555-5469","david889@nachomail.net","48131 Main St","Dunn","NC","28334","Harnett","1957-08-21","1","1","2023-02-19 00:00:00",\N,"2026-04-21 16:32:41"
"37","Jennifer","Wilson","F","354-555-6996","jennifer791@fakeinbox.net","56853 Park St","Morrisville","NC","27560","Wake","1946-03-19","1","0","2020-05-28 00:00:00",\N,"2026-04-21 16:33:26"
"38","Joseph","Lopez","M","398-555-5850","joseph765@nachomail.net","93509 Maple Ave","Garner","NC","27529","Wake","1978-07-15","1","1","2020-11-24 00:00:00",\N,"2026-04-21 16:32:41"
"39","Andrew","Edwards","M","448-555-7664","edwards569@fakemail.com","54446 Cedar Ln","Cary","NC","27513","Wake","1991-05-06","0","1","2020-06-30 00:00:00","2023-10-06 00:00:00","2026-04-21 16:32:41"
"40","Charlotte","Allen","F","393-555-5233","allen438@notinbox.net","23191 Shady Ln","Raleigh","NC","27604","Wake","1995-05-24","1","1","2025-02-10 00:00:00",\N,"2026-04-21 16:33:26"
"41","Charles","Miller","M","322-555-6974","charlesm475@nachomail.net","54500 Dogwood St","Apex","NC","27502","Wake","1992-03-31","1","0","2019-03-16 00:00:00",\N,"2026-04-21 16:32:41"
"42","Patricia","Brown","F","255-555-2900","pbrown325@fakeinbox.net","80696 Oak St","Raleigh","NC","27601","Wake","1948-08-02","1","0","2023-07-01 00:00:00",\N,"2026-04-21 16:33:26"
"43","Barbara","Edwards","F","206-555-5636","barbaraedwards122@fakemail.com","77478 Chestnut St","Raleigh","NC","27614","Wake","1986-10-16","1","0","2019-01-22 00:00:00",\N,"2026-04-21 16:33:26"
"44","Jessica","Adams","F","360-555-3770","jessicaa246@nachomail.net","63663 Circle Dr","Dunn","NC","28334","Harnett","1981-05-24","0","1","2026-03-07 00:00:00","2026-04-09 00:00:00","2026-04-21 16:33:26"
"45","Andrew","Edwards","M","383-555-3658","andrewedwards69@offlinemail.com","19614 Main St","Holly Springs","NC","27540","Wake","1973-01-31","0","1","2021-04-25 00:00:00","2023-11-27 00:00:00","2026-04-21 16:32:41"
"46","Thomas","Brown","M","473-555-8893","brown72@notinbox.net","84380 Maple Ave","Angier","NC","27501","Harnett","1997-10-11","1","0","2025-09-02 00:00:00",\N,"2026-04-21 16:32:41"
"47","Jessica","Davis","F","287-555-3156","jessicadavis996@nachomail.net","72147 Oak St","Sanford","NC","27330","Lee","1999-01-04","0","0","2023-08-01 00:00:00","2023-10-15 00:00:00","2026-04-21 16:33:26"
"48","Jason","Carter","M","315-555-7536","carterjason183@offlinemail.com","61070 Maple Ave","Garner","NC","27529","Wake","1989-05-18","1","1","2024-08-20 00:00:00",\N,"2026-04-21 16:32:41"
"49","Andrew","Clark","M","230-555-7787","andrewclark260@nachomail.net","44376 Oak St","Raleigh","NC","27616","Wake","1982-04-05","0","1","2020-05-31 00:00:00","2025-03-12 00:00:00","2026-04-21 16:32:41"
"50","Richard","Hernandez","M","304-555-2479","hernandezrichard222@fakeinbox.net","76007 Spruce Ln","Sanford","NC","27330","Lee","1994-12-22","0","1","2019-08-04 00:00:00","2025-03-28 00:00:00","2026-04-21 16:32:41"
"51","James","Williams","M","429-555-2786","jamesw372@fakeinbox.net","71160 Walnut Ave","Raleigh","NC","27607","Wake","1988-05-12","1","1","2025-02-21 00:00:00",\N,"2026-04-21 16:32:41"
"52","Liam","Lopez","M","269-555-8909","liamlopez585@nachomail.net","44135 Dogwood St","Durham","NC","27704","Durham","1985-12-02","1","1","2025-01-17 00:00:00",\N,"2026-04-21 16:32:41"
"53","Charles","Adams","M","208-555-9347","adams906@notinbox.net","4537 Maple Ave","Morrisville","NC","27560","Wake","1952-10-24","1","0","2023-07-15 00:00:00",\N,"2026-04-21 16:32:41"
"54","Robert","Kelly","M","385-555-9625","kelly54@offlinemail.com","3313 Pine St","Raleigh","NC","27616","Wake","1988-06-17","1","0","2023-07-15 00:00:00",\N,"2026-04-21 16:32:41"
"55","John","Adams","M","229-555-9156","jadams715@nachomail.net","60745 Shady Ln","Raleigh","NC","27615","Wake","1975-11-14","1","0","2020-10-18 00:00:00",\N,"2026-04-21 16:32:41"
"56","David","Brown","M","297-555-7137","david220@fakemail.com","3857 Circle Dr","Raleigh","NC","27616","Wake","1966-03-04","1","0","2021-08-23 00:00:00",\N,"2026-04-21 16:32:41"
"57","James","Martin","M","314-555-3242","james534@nachomail.net","11271 Church St","Apex","NC","27502","Wake","1999-02-14","1","1","2019-07-21 00:00:00",\N,"2026-04-21 16:32:41"
"58","Christopher","Kelly","M","278-555-3581","kelly52@nachomail.net","30759 Chestnut St","Cary","NC","27511","Wake","1960-07-01","1","0","2021-02-04 00:00:00",\N,"2026-04-21 16:32:41"
"59","James","Williams","M","316-555-5111","williamsjames576@nachomail.net","22572 Maple Ave","Sanford","NC","27330","Lee","1959-06-21","1","0","2020-07-22 00:00:00",\N,"2026-04-21 16:32:41"
"60","David","Martin","M","387-555-4699","david422@notinbox.net","59542 Washington St","Erwin","NC","28339","Harnett","1962-10-12","0","1","2024-12-25 00:00:00","2025-12-29 00:00:00","2026-04-21 16:32:41"
"61","Matthew","Cooper","M","297-555-8927","matthew203@fakemail.com","45256 Washington St","Raleigh","NC","27615","Wake","2005-04-17","1","1","2021-10-05 00:00:00",\N,"2026-04-21 16:32:41"
"62","Susan","Rodriguez","F","487-555-6895","srodriguez238@fakeinbox.net","50467 Park St","Morrisville","NC","27560","Wake","1990-10-19","1","0","2021-01-26 00:00:00",\N,"2026-04-21 16:33:26"
"63","James","Hernandez","M","483-555-2723","jhernandez477@offlinemail.com","15335 Church St","Clayton","NC","27520","Johnston","2001-11-23","1","1","2021-01-25 00:00:00",\N,"2026-04-21 16:32:41"
"64","Mary","Hernandez","F","384-555-9502","hernandezmary476@fakemail.com","66066 Maple Ave","Raleigh","NC","27606","Wake","1989-01-03","0","1","2025-04-30 00:00:00","2025-08-29 00:00:00","2026-04-21 16:33:26"
"65","Patricia","Davis","F","305-555-3212","pdavis487@fakeinbox.net","23616 Laurel Rd","Raleigh","NC","27606","Wake","1959-08-05","0","0","2025-06-01 00:00:00","2025-10-06 00:00:00","2026-04-21 16:33:26"
"66","William","Wilson","M","480-555-8379","wwilson762@fakemail.com","65045 Walnut Ave","Sanford","NC","27330","Lee","1990-10-05","1","0","2020-07-20 00:00:00",\N,"2026-04-21 16:33:50"
"67","John","Lee","M","302-555-6974","johnlee886@nachomail.net","34263 Circle Dr","Clayton","NC","27520","Johnston","1995-05-06","1","0","2019-11-05 00:00:00",\N,"2026-04-21 16:32:41"
"68","Karen","Carter","F","462-555-5709","karen803@nachomail.net","4198 Dogwood St","Fuquay-Varina","NC","27526","Wake","1953-09-14","1","0","2025-11-03 00:00:00",\N,"2026-04-21 16:33:26"
"69","Randy","Thomas","M","311-555-5160","thomasrandy717@offlinemail.com","43951 Cedar Ln","Raleigh","NC","27607","Wake","1975-06-03","1","1","2021-08-01 00:00:00",\N,"2026-04-21 16:32:41"
"70","Sarah","Brown","F","424-555-5947","sarahbrown305@offlinemail.com","10406 Main St","Fuquay-Varina","NC","27526","Wake","1990-01-15","0","1","2024-10-26 00:00:00","2026-03-20 00:00:00","2026-04-21 16:33:26"
"71","Thomas","Brown","M","268-555-3252","brown175@nachomail.net","8138 Pine St","Angier","NC","27501","Harnett","1982-05-25","1","0","2024-01-29 00:00:00",\N,"2026-04-21 16:32:41"
"72","Stephanie","Baker","F","425-555-7809","baker450@notinbox.net","11739 Main St","Fuquay-Varina","NC","27526","Wake","1945-03-29","1","1","2023-08-06 00:00:00",\N,"2026-04-21 16:33:26"
"73","Charlotte","Cooper","F","260-555-4502","cooper317@offlinemail.com","25325 Laurel Rd","Lillington","NC","27546","Harnett","1946-02-13","1","1","2019-06-20 00:00:00",\N,"2026-04-21 16:33:26"
"74","Jason","Taylor","M","393-555-6045","taylorjason542@offlinemail.com","83679 Lincoln Ave","Raleigh","NC","27606","Wake","1978-07-07","0","1","2021-07-29 00:00:00","2024-03-24 00:00:00","2026-04-21 16:32:41"
"75","Daniel","Green","M","439-555-8826","danielg291@offlinemail.com","60160 Lakeview Dr","Durham","NC","27704","Durham","1993-12-09","1","1","2025-10-23 00:00:00",\N,"2026-04-21 16:32:41"
"76","David","Lee","M","263-555-9216","lee750@fakeinbox.net","57954 Maple Ave","Garner","NC","27529","Wake","1996-12-30","0","1","2021-09-09 00:00:00","2026-02-13 00:00:00","2026-04-21 16:32:41"
"77","Barbara","Adams","F","390-555-4997","barbaraa379@offlinemail.com","54874 Chestnut St","Lillington","NC","27546","Harnett","1945-05-10","0","1","2024-09-20 00:00:00","2024-12-03 00:00:00","2026-04-21 16:33:26"
"78","Thomas","Bell","M","281-555-4938","thomasbell301@notinbox.net","58590 Shady Ln","Garner","NC","27529","Wake","1950-07-25","1","1","2025-03-19 00:00:00",\N,"2026-04-21 16:32:41"
"79","Jessica","Lee","F","377-555-7266","leejessica893@fakeinbox.net","73125 Oak St","Raleigh","NC","27612","Wake","1990-04-14","1","1","2023-08-03 00:00:00",\N,"2026-04-21 16:33:26"
"80","Barbara","Baker","F","453-555-9218","bakerbarbara350@notinbox.net","10116 Shady Ln","Morrisville","NC","27560","Wake","1968-06-06","1","0","2023-04-18 00:00:00",\N,"2026-04-21 16:33:26"
"81","Florence","Johnson","F","386-555-7388","florencej6@notinbox.net","98571 Circle Dr","Cary","NC","27511","Wake","1963-01-07","1","1","2019-06-06 00:00:00",\N,"2026-04-21 16:33:26"
"82","Florence","Garcia","F","415-555-7268","garcia702@notinbox.net","35718 Park St","Fuquay-Varina","NC","27526","Wake","1988-08-03","1","1","2022-10-22 00:00:00",\N,"2026-04-21 16:33:26"
"83","David","Edwards","M","349-555-7117","davidedwards955@notinbox.net","73624 Pine St","Raleigh","NC","27607","Wake","1961-06-17","1","1","2022-03-16 00:00:00",\N,"2026-04-21 16:32:41"
"84","Thomas","Wilson","M","382-555-7946","twilson580@notinbox.net","7056 Church St","Raleigh","NC","27604","Wake","1941-03-11","1","1","2023-08-06 00:00:00",\N,"2026-04-21 16:32:41"
"85","Mary","Thomas","F","237-555-3924","thomasmary391@fakemail.com","97030 Lincoln Ave","Morrisville","NC","27560","Wake","1982-01-16","1","1","2025-02-02 00:00:00",\N,"2026-04-21 16:33:26"
"86","Lisa","Johnson","F","479-555-3561","ljohnson434@fakeinbox.net","63573 State St","Cary","NC","27513","Wake","1945-12-18","1","0","2021-02-12 00:00:00",\N,"2026-04-21 16:33:26"
"87","David","Cooper","M","266-555-1160","davidc896@notinbox.net","42385 Washington St","Dunn","NC","28334","Harnett","1971-05-08","1","1","2025-11-08 00:00:00",\N,"2026-04-21 16:32:41"
"88","Jessica","Johnson","F","458-555-3163","jessicajohnson895@fakemail.com","90029 Lakeview Dr","Broadway","NC","27505","Harnett","1975-02-24","1","1","2025-02-08 00:00:00",\N,"2026-04-21 16:33:26"
"89","William","Carter","M","352-555-4575","wcarter17@fakemail.com","86553 Circle Dr","Durham","NC","27701","Durham","2004-08-03","1","0","2021-09-11 00:00:00",\N,"2026-04-21 16:33:50"
"90","Barbara","Davis","F","477-555-3362","barbarad335@notinbox.net","57718 Lincoln Ave","Morrisville","NC","27560","Wake","1978-04-29","0","1","2024-12-27 00:00:00","2025-12-18 00:00:00","2026-04-21 16:33:26"
"91","Liam","Clark","M","484-555-8402","liamc563@offlinemail.com","86216 Maple Ave","Morrisville","NC","27560","Wake","1964-10-20","1","1","2023-01-10 00:00:00",\N,"2026-04-21 16:32:41"
"92","Jessica","Bell","F","270-555-2701","jessicabell592@fakeinbox.net","65631 Jefferson St","Garner","NC","27529","Wake","2004-11-20","1","0","2024-08-02 00:00:00",\N,"2026-04-21 16:33:26"
"93","Patricia","White","F","409-555-4410","whitepatricia670@notinbox.net","12834 Central Ave","Angier","NC","27501","Harnett","1976-10-28","1","1","2020-04-23 00:00:00",\N,"2026-04-21 16:33:26"
"94","Elizabeth","Edwards","F","463-555-7133","edwardselizabeth738@offlinemail.com","66136 Spruce Ln","Clayton","NC","27520","Johnston","1978-09-29","0","0","2024-07-06 00:00:00","2025-03-02 00:00:00","2026-04-21 16:33:26"
"95","Susan","Lopez","F","310-555-2396","lopezsusan993@fakeinbox.net","8200 Lakeview Dr","Erwin","NC","28339","Harnett","1961-12-11","1","0","2022-03-04 00:00:00",\N,"2026-04-21 16:33:26"
"96","Karen","Clark","F","471-555-4130","karenc879@notinbox.net","12516 Church St","Holly Springs","NC","27540","Wake","1969-03-28","1","1","2021-11-14 00:00:00",\N,"2026-04-21 16:33:26"
"97","Lisa","Adams","F","206-555-3768","lisa121@fakeinbox.net","15582 Pine St","Clayton","NC","27520","Johnston","1951-01-26","1","1","2023-11-01 00:00:00",\N,"2026-04-21 16:33:26"
"98","Luna","White","F","251-555-6703","lwhite443@fakemail.com","79872 Spruce Ln","Raleigh","NC","27614","Wake","1988-07-18","1","1","2020-01-02 00:00:00",\N,"2026-04-21 16:33:26"
"99","Charlotte","White","F","392-555-5046","charlottewhite231@offlinemail.com","31949 Elm St","Cary","NC","27511","Wake","2000-08-02","1","0","2024-01-24 00:00:00",\N,"2026-04-21 16:33:26"
"100","John","Jones","M","263-555-9985","jones370@fakemail.com","81495 Church St","Broadway","NC","27505","Harnett","1981-10-06","1","1","2019-06-29 00:00:00",\N,"2026-04-21 16:32:41"
"101","Richard","Taylor","M","289-555-6756","taylor713@fakemail.com","87380 Church St","Garner","NC","27529","Wake","1992-10-23","1","1","2020-10-22 00:00:00",\N,"2026-04-21 16:32:41"
"102","Jennifer","Jones","F","344-555-1770","jenniferjones201@fakeinbox.net","90145 Walnut Ave","Raleigh","NC","27606","Wake","1967-01-06","1","0","2019-04-18 00:00:00",\N,"2026-04-21 16:33:26"
"103","Matthew","Miller","M","275-555-1492","matthewmiller809@notinbox.net","21690 Lincoln Ave","Raleigh","NC","27606","Wake","1956-11-05","0","1","2021-04-26 00:00:00","2024-03-29 00:00:00","2026-04-21 16:32:41"
"104","Barbara","Rodriguez","F","236-555-6782","barbara853@fakemail.com","58059 Maple Ave","Sanford","NC","27330","Lee","1992-02-27","1","1","2020-02-12 00:00:00",\N,"2026-04-21 16:33:26"
"105","Matthew","Clark","M","452-555-3290","matthewc257@nachomail.net","99094 Laurel Rd","Morrisville","NC","27560","Wake","1940-02-22","1","0","2021-12-01 00:00:00",\N,"2026-04-21 16:32:41"
"106","Lisa","Davis","F","467-555-8930","davislisa216@notinbox.net","45064 State St","Dunn","NC","28334","Harnett","1967-09-22","0","0","2021-04-26 00:00:00","2025-06-22 00:00:00","2026-04-21 16:33:26"
"107","Florence","Bell","F","215-555-4813","bell41@offlinemail.com","41742 Circle Dr","Sanford","NC","27330","Lee","1986-02-25","1","1","2022-10-26 00:00:00",\N,"2026-04-21 16:33:26"
"108","John","Clark","M","220-555-1320","clarkjohn278@fakemail.com","50721 Maple Ave","Durham","NC","27701","Durham","1964-07-29","1","1","2026-03-06 00:00:00",\N,"2026-04-21 16:32:41"
"109","Barbara","Carter","F","295-555-7703","bcarter503@fakemail.com","90025 Magnolia Rd","Broadway","NC","27505","Harnett","1948-07-09","1","0","2021-08-13 00:00:00",\N,"2026-04-21 16:33:26"
"110","Stephanie","Green","F","446-555-3150","stephaniegreen439@offlinemail.com","57555 Washington St","Angier","NC","27501","Harnett","1946-05-15","1","1","2025-02-04 00:00:00",\N,"2026-04-21 16:33:26"
"111","Michael","Hernandez","M","260-555-3160","mhernandez799@fakemail.com","56421 Jefferson St","Apex","NC","27502","Wake","1970-01-23","1","0","2019-10-21 00:00:00",\N,"2026-04-21 16:32:41"
"112","Lisa","Hill","F","208-555-1080","hill438@notinbox.net","38893 Circle Dr","Durham","NC","27701","Durham","1973-02-18","1","1","2019-04-10 00:00:00",\N,"2026-04-21 16:33:26"
"113","Daniel","James","M","320-555-9733","jamesdaniel474@offlinemail.com","38691 Laurel Rd","Durham","NC","27701","Durham","1981-05-05","1","0","2025-03-23 00:00:00",\N,"2026-04-21 16:32:41"
"114","David","Davis","M","342-555-2015","davis947@notinbox.net","19494 State St","Holly Springs","NC","27540","Wake","1960-02-20","1","1","2020-03-20 00:00:00",\N,"2026-04-21 16:32:41"
"115","Joseph","Garcia","M","412-555-2506","garciajoseph830@offlinemail.com","79329 Washington St","Raleigh","NC","27607","Wake","1954-09-15","0","0","2023-08-20 00:00:00","2024-09-26 00:00:00","2026-04-21 16:32:41"
"116","Robert","Lopez","M","391-555-6265","lopez239@fakeinbox.net","41907 State St","Raleigh","NC","27614","Wake","2003-03-10","1","0","2025-01-28 00:00:00",\N,"2026-04-21 16:32:41"
"117","Charlotte","Jones","F","280-555-3089","charlottej605@notinbox.net","3086 Shady Ln","Raleigh","NC","27601","Wake","1976-08-04","1","1","2021-09-21 00:00:00",\N,"2026-04-21 16:33:26"
"118","Christopher","Anderson","M","305-555-1417","canderson97@fakeinbox.net","86622 Shady Ln","Holly Springs","NC","27540","Wake","1981-01-28","0","1","2020-09-03 00:00:00","2023-11-16 00:00:00","2026-04-21 16:32:41"
"119","Jessica","Baker","F","449-555-2174","baker206@offlinemail.com","12969 Shady Ln","Raleigh","NC","27615","Wake","1995-05-27","1","0","2024-02-19 00:00:00",\N,"2026-04-21 16:33:26"
"120","John","Davis","M","380-555-8420","johndavis677@fakemail.com","70663 Laurel Rd","Cary","NC","27513","Wake","1954-06-26","1","1","2022-02-20 00:00:00",\N,"2026-04-21 16:32:41"
"121","Patricia","Martin","F","460-555-2847","martinpatricia687@fakemail.com","97932 Washington St","Cary","NC","27513","Wake","1995-12-11","1","0","2019-04-16 00:00:00",\N,"2026-04-21 16:33:26"
"122","Randy","Williams","M","397-555-5210","randyw875@nachomail.net","61390 Magnolia Rd","Raleigh","NC","27607","Wake","1946-03-13","1","0","2025-07-25 00:00:00",\N,"2026-04-21 16:32:41"
"123","Christopher","Brown","M","214-555-8660","christopherbrown499@offlinemail.com","78736 Central Ave","Broadway","NC","27505","Harnett","1957-03-25","1","0","2021-11-12 00:00:00",\N,"2026-04-21 16:32:41"
"124","Liam","Johnson","M","473-555-8357","liamjohnson979@offlinemail.com","97327 Cedar Ln","Sanford","NC","27330","Lee","1984-03-01","1","1","2020-11-28 00:00:00",\N,"2026-04-21 16:32:41"
"125","Randy","Kelly","M","338-555-2455","randykelly898@notinbox.net","95044 Cardinal Ave","Durham","NC","27701","Durham","2004-12-17","1","1","2019-12-13 00:00:00",\N,"2026-04-21 16:32:41"
"126","Stephanie","Bell","F","210-555-8230","bell269@fakeinbox.net","8140 Dogwood St","Durham","NC","27704","Durham","1953-09-10","0","1","2020-09-27 00:00:00","2024-02-03 00:00:00","2026-04-21 16:33:26"
"127","Elizabeth","Taylor","F","496-555-1806","elizabetht303@nachomail.net","89542 Hummingbird Dr","Raleigh","NC","27604","Wake","1950-12-29","1","1","2025-09-22 00:00:00",\N,"2026-04-21 16:33:26"
"128","Florence","Anderson","F","480-555-7478","andersonflorence572@fakeinbox.net","69539 Elm St","Erwin","NC","28339","Harnett","2001-09-19","0","1","2022-09-01 00:00:00","2023-10-15 00:00:00","2026-04-21 16:33:26"
"129","Florence","James","F","281-555-8841","florencej109@fakeinbox.net","71015 Maple Ave","Raleigh","NC","27601","Wake","1959-04-20","1","1","2021-11-27 00:00:00",\N,"2026-04-21 16:33:26"
"130","Mary","Green","F","263-555-4528","mary238@fakemail.com","49158 Pine St","Raleigh","NC","27616","Wake","1986-07-14","0","1","2024-11-06 00:00:00","2025-11-27 00:00:00","2026-04-21 16:33:26"
"131","Jessica","Miller","F","380-555-1944","jessica748@fakeinbox.net","8082 Washington St","Dunn","NC","28334","Harnett","1971-11-25","0","0","2022-09-12 00:00:00","2025-05-12 00:00:00","2026-04-21 16:33:26"
"132","Jason","Martinez","M","265-555-7661","jasonmartinez648@notinbox.net","6083 Magnolia Rd","Holly Springs","NC","27540","Wake","1991-01-07","0","1","2019-12-06 00:00:00","2023-02-26 00:00:00","2026-04-21 16:32:41"
"133","Susan","Miller","F","247-555-2551","susan319@fakemail.com","31682 Cedar Ln","Erwin","NC","28339","Harnett","1958-11-14","1","0","2021-10-22 00:00:00",\N,"2026-04-21 16:33:26"
"134","Richard","Adams","M","391-555-6145","adams555@fakemail.com","93864 Elm St","Raleigh","NC","27612","Wake","1984-04-11","1","1","2019-03-10 00:00:00",\N,"2026-04-21 16:32:41"
"135","Richard","Lee","M","409-555-3502","richardl51@nachomail.net","42746 Hummingbird Dr","Cary","NC","27513","Wake","1984-10-07","1","1","2026-01-21 00:00:00",\N,"2026-04-21 16:32:41"
"136","Matthew","Williams","M","486-555-6135","mwilliams453@fakemail.com","70782 Birch St","Garner","NC","27529","Wake","1983-11-23","1","0","2024-08-17 00:00:00",\N,"2026-04-21 16:32:41"
"137","Thomas","Garcia","M","285-555-9669","thomasgarcia404@offlinemail.com","52987 Lincoln Ave","Raleigh","NC","27607","Wake","1957-11-27","1","1","2025-12-21 00:00:00",\N,"2026-04-21 16:32:41"
"138","William","Anderson","M","344-555-7053","williamanderson913@fakemail.com","4512 Maple Ave","Raleigh","NC","27606","Wake","1951-02-20","0","1","2019-10-30 00:00:00","2021-10-31 00:00:00","2026-04-21 16:33:50"
"139","Luna","Lee","F","368-555-1182","luna551@offlinemail.com","9497 Church St","Clayton","NC","27520","Johnston","1985-04-30","1","1","2022-07-01 00:00:00",\N,"2026-04-21 16:33:26"
"140","Liam","James","M","487-555-4805","liamjames129@fakeinbox.net","9397 Pine St","Morrisville","NC","27560","Wake","1942-01-23","1","1","2026-03-15 00:00:00",\N,"2026-04-21 16:32:41"
"141","Christopher","Wilson","M","326-555-1150","wilson955@offlinemail.com","15560 Church St","Lillington","NC","27546","Harnett","1990-12-03","1","1","2022-09-12 00:00:00",\N,"2026-04-21 16:32:41"
"142","Charles","Hill","M","424-555-4382","hillcharles980@fakemail.com","38895 Jefferson St","Durham","NC","27701","Durham","1985-05-09","1","1","2023-02-22 00:00:00",\N,"2026-04-21 16:32:41"
"143","Christopher","James","M","397-555-2559","cjames766@fakemail.com","42258 Lakeview Dr","Raleigh","NC","27604","Wake","2003-08-08","1","0","2021-05-11 00:00:00",\N,"2026-04-21 16:32:41"
"144","Florence","Brown","F","472-555-2916","brown831@fakeinbox.net","70275 Cardinal Ave","Raleigh","NC","27604","Wake","1973-04-02","0","1","2020-05-09 00:00:00","2020-07-13 00:00:00","2026-04-21 16:33:26"
"145","Richard","Clark","M","414-555-4317","clarkrichard271@fakemail.com","9902 Jefferson St","Raleigh","NC","27607","Wake","1974-05-20","1","0","2023-03-31 00:00:00",\N,"2026-04-21 16:32:41"
"146","Andrew","Wilson","M","404-555-9659","andreww150@notinbox.net","12729 Oak St","Sanford","NC","27330","Lee","1979-08-23","1","0","2020-05-04 00:00:00",\N,"2026-04-21 16:32:41"
"147","Elizabeth","Miller","F","310-555-7128","millerelizabeth520@notinbox.net","17570 Park St","Raleigh","NC","27615","Wake","2005-09-27","1","1","2020-03-26 00:00:00",\N,"2026-04-21 16:33:26"
"148","Jessica","Hill","F","256-555-6105","jessica704@nachomail.net","3502 Chestnut St","Raleigh","NC","27612","Wake","1994-07-29","1","0","2021-02-22 00:00:00",\N,"2026-04-21 16:33:26"
"149","Patricia","Hernandez","F","412-555-6057","phernandez475@offlinemail.com","5435 Laurel Rd","Dunn","NC","28334","Harnett","1997-04-28","1","1","2026-01-08 00:00:00",\N,"2026-04-21 16:33:26"
"150","Daniel","James","M","206-555-4538","daniel408@nachomail.net","44088 Dogwood St","Garner","NC","27529","Wake","1966-01-30","1","0","2025-11-09 00:00:00",\N,"2026-04-21 16:32:41"
"151","Matthew","Johnson","M","283-555-3674","mjohnson418@offlinemail.com","26619 Circle Dr","Raleigh","NC","27604","Wake","1945-06-15","0","1","2023-04-13 00:00:00","2023-12-09 00:00:00","2026-04-21 16:32:41"
"152","Charlotte","Cooper","F","378-555-6689","charlottecooper837@offlinemail.com","60189 Shady Ln","Durham","NC","27701","Durham","1964-06-18","1","1","2020-11-24 00:00:00",\N,"2026-04-21 16:33:26"
"153","David","Hernandez","M","462-555-9223","davidh350@fakemail.com","76367 Birch St","Durham","NC","27701","Durham","1990-09-21","0","0","2021-10-16 00:00:00","2021-10-21 00:00:00","2026-04-21 16:32:41"
"154","Luna","Bell","F","315-555-8952","lunab619@fakemail.com","46175 Chestnut St","Broadway","NC","27505","Harnett","1943-12-15","1","1","2022-06-08 00:00:00",\N,"2026-04-21 16:33:26"
"155","Charlotte","Hill","F","361-555-2239","hill172@offlinemail.com","9905 Hummingbird Dr","Durham","NC","27704","Durham","1946-10-05","1","0","2024-11-14 00:00:00",\N,"2026-04-21 16:33:26"
"156","Charlotte","Taylor","F","331-555-4282","taylor301@fakeinbox.net","69346 Oak St","Cary","NC","27513","Wake","1952-06-14","1","1","2023-07-03 00:00:00",\N,"2026-04-21 16:33:26"
"157","Joseph","Taylor","M","429-555-8915","taylor237@fakeinbox.net","7942 Pine St","Raleigh","NC","27612","Wake","1993-02-04","0","1","2020-02-10 00:00:00","2022-04-27 00:00:00","2026-04-21 16:32:41"
"158","Stephanie","Cooper","F","205-555-2744","stephanie615@nachomail.net","73258 Maple Ave","Raleigh","NC","27604","Wake","1944-03-27","1","1","2022-09-21 00:00:00",\N,"2026-04-21 16:33:26"
"159","Jennifer","Jones","F","394-555-4030","jennifer947@fakemail.com","7173 Maple Ave","Cary","NC","27513","Wake","1950-09-29","1","1","2022-11-28 00:00:00",\N,"2026-04-21 16:33:26"
"160","Charlotte","Carter","F","483-555-8687","charlotte874@notinbox.net","66109 Cedar Ln","Broadway","NC","27505","Harnett","1962-10-24","0","0","2023-06-12 00:00:00","2025-08-30 00:00:00","2026-04-21 16:33:26"
"161","Charles","Brown","M","342-555-1396","brown176@fakeinbox.net","27619 Main St","Erwin","NC","28339","Harnett","1974-12-03","1","1","2020-01-10 00:00:00",\N,"2026-04-21 16:32:41"
"162","David","Green","M","209-555-3677","davidg268@offlinemail.com","19738 Central Ave","Fuquay-Varina","NC","27526","Wake","1947-10-25","1","0","2020-11-02 00:00:00",\N,"2026-04-21 16:32:41"
"163","Liam","Davis","M","316-555-4940","davisliam765@fakemail.com","38087 Chestnut St","Broadway","NC","27505","Harnett","1951-07-29","1","1","2025-02-10 00:00:00",\N,"2026-04-21 16:32:41"
"164","Christopher","Smith","M","341-555-1138","christophers641@fakemail.com","82379 Lincoln Ave","Erwin","NC","28339","Harnett","1984-01-20","1","1","2022-03-22 00:00:00",\N,"2026-04-21 16:32:41"
"165","Thomas","Smith","M","453-555-2214","thomas227@fakemail.com","53536 Pine St","Holly Springs","NC","27540","Wake","1946-04-13","1","1","2024-01-17 00:00:00",\N,"2026-04-21 16:32:41"
"166","Matthew","Brown","M","204-555-4982","matthewbrown741@offlinemail.com","62316 Elm St","Raleigh","NC","27607","Wake","1955-06-16","1","1","2020-01-07 00:00:00",\N,"2026-04-21 16:32:41"
"167","Andrew","Hernandez","M","413-555-2787","andrewhernandez598@fakemail.com","15178 Cardinal Ave","Broadway","NC","27505","Harnett","1952-03-03","1","1","2023-06-26 00:00:00",\N,"2026-04-21 16:32:41"
"168","Richard","White","M","453-555-6593","richardw635@notinbox.net","70039 Laurel Rd","Lillington","NC","27546","Harnett","1965-05-03","1","1","2023-10-29 00:00:00",\N,"2026-04-21 16:32:41"
"169","Jessica","Adams","F","426-555-5580","jessicaa672@fakeinbox.net","9725 Park St","Durham","NC","27704","Durham","1956-10-31","1","0","2022-05-25 00:00:00",\N,"2026-04-21 16:33:26"
"170","Stephanie","Anderson","F","319-555-8305","anderson635@offlinemail.com","9587 Main St","Broadway","NC","27505","Harnett","1967-05-05","1","1","2021-07-02 00:00:00",\N,"2026-04-21 16:33:26"
"171","John","Brown","M","252-555-7160","jbrown467@notinbox.net","81162 Park St","Fuquay-Varina","NC","27526","Wake","1971-12-05","1","1","2021-04-26 00:00:00",\N,"2026-04-21 16:32:41"
"172","Jennifer","Bell","F","219-555-8255","jenniferb294@offlinemail.com","22804 Maple Ave","Garner","NC","27529","Wake","1993-10-15","0","1","2023-05-09 00:00:00","2025-10-11 00:00:00","2026-04-21 16:33:26"
"173","Charlotte","James","F","428-555-3403","jamescharlotte103@nachomail.net","47003 Maple Ave","Raleigh","NC","27604","Wake","1961-06-21","1","1","2025-03-07 00:00:00",\N,"2026-04-21 16:33:26"
"174","Thomas","Jones","M","233-555-2723","thomasj403@offlinemail.com","20868 Lincoln Ave","Broadway","NC","27505","Harnett","1964-06-01","1","1","2023-02-11 00:00:00",\N,"2026-04-21 16:32:41"
"175","Michael","Brown","M","474-555-7553","brown319@notinbox.net","85144 Elm St","Angier","NC","27501","Harnett","1958-12-02","1","0","2021-01-07 00:00:00",\N,"2026-04-21 16:32:41"
"176","Charlotte","Edwards","F","375-555-8184","charlotteedwards666@nachomail.net","43996 Walnut Ave","Apex","NC","27502","Wake","1992-12-07","1","0","2024-01-11 00:00:00",\N,"2026-04-21 16:33:26"
"177","Jason","Baker","M","339-555-9797","baker54@offlinemail.com","21642 Cardinal Ave","Raleigh","NC","27612","Wake","1982-08-30","1","1","2023-07-17 00:00:00",\N,"2026-04-21 16:32:41"
"178","Florence","James","F","408-555-3103","jamesflorence833@fakeinbox.net","90884 Lakeview Dr","Holly Springs","NC","27540","Wake","1987-06-24","1","0","2019-05-06 00:00:00",\N,"2026-04-21 16:33:26"
"179","Robert","White","M","223-555-8272","white661@offlinemail.com","98714 Main St","Lillington","NC","27546","Harnett","1950-10-04","1","1","2021-08-20 00:00:00",\N,"2026-04-21 16:32:41"
"180","Charlotte","Carter","F","334-555-1207","charlottec588@nachomail.net","5546 Church St","Holly Springs","NC","27540","Wake","1966-03-27","1","1","2023-11-13 00:00:00",\N,"2026-04-21 16:33:26"
"181","Florence","Allen","F","293-555-8947","florence58@notinbox.net","15647 Pine St","Morrisville","NC","27560","Wake","1943-05-31","1","1","2020-11-19 00:00:00",\N,"2026-04-21 16:33:26"
"182","Daniel","Kelly","M","432-555-6117","kellydaniel154@nachomail.net","29492 Jefferson St","Cary","NC","27513","Wake","1954-04-14","1","1","2021-02-04 00:00:00",\N,"2026-04-21 16:32:41"
"183","Joseph","Anderson","M","203-555-1998","janderson582@nachomail.net","52429 Lincoln Ave","Raleigh","NC","27616","Wake","1996-02-21","0","1","2020-02-24 00:00:00","2025-01-06 00:00:00","2026-04-21 16:32:41"
"184","Liam","White","M","303-555-2703","liamw186@notinbox.net","74339 Hummingbird Dr","Raleigh","NC","27614","Wake","1962-12-22","0","1","2026-03-26 00:00:00","2026-04-05 00:00:00","2026-04-21 16:32:41"
"185","Liam","Adams","M","337-555-8742","liam794@nachomail.net","70041 Chestnut St","Morrisville","NC","27560","Wake","1974-07-12","1","0","2020-11-18 00:00:00",\N,"2026-04-21 16:32:41"
"186","Nancy","Jones","F","428-555-7278","nancyjones523@fakeinbox.net","19279 State St","Clayton","NC","27520","Johnston","1977-12-12","1","1","2025-11-15 00:00:00",\N,"2026-04-21 16:33:26"
"187","Joseph","Green","M","228-555-5109","josephg905@fakemail.com","11247 Church St","Morrisville","NC","27560","Wake","1982-02-06","0","0","2022-08-17 00:00:00","2022-10-20 00:00:00","2026-04-21 16:32:41"
"188","Randy","Hernandez","M","394-555-7370","rhernandez920@fakeinbox.net","62025 Park St","Garner","NC","27529","Wake","1950-03-31","1","1","2025-08-19 00:00:00",\N,"2026-04-21 16:32:41"
"189","Richard","Lee","M","386-555-6709","lee664@offlinemail.com","95657 Laurel Rd","Durham","NC","27701","Durham","1994-08-15","1","0","2024-03-01 00:00:00",\N,"2026-04-21 16:32:41"
"190","Joseph","Williams","M","250-555-8886","williams102@fakeinbox.net","27407 Laurel Rd","Erwin","NC","28339","Harnett","1992-09-03","1","0","2024-12-06 00:00:00",\N,"2026-04-21 16:32:41"
"191","William","Smith","M","379-555-8570","smith582@notinbox.net","23518 Cedar Ln","Erwin","NC","28339","Harnett","1987-06-03","1","1","2025-11-18 00:00:00",\N,"2026-04-21 16:33:50"
"192","Susan","Taylor","F","253-555-9836","staylor221@fakeinbox.net","60712 Central Ave","Angier","NC","27501","Harnett","1972-03-20","1","0","2021-01-27 00:00:00",\N,"2026-04-21 16:33:26"
"193","James","Bell","M","349-555-3672","jamesb756@offlinemail.com","15178 Hummingbird Dr","Morrisville","NC","27560","Wake","1962-11-07","1","1","2023-04-09 00:00:00",\N,"2026-04-21 16:32:41"
"194","Luna","Martinez","F","292-555-1727","luna628@nachomail.net","24065 Birch St","Raleigh","NC","27616","Wake","1987-12-07","1","1","2019-07-28 00:00:00",\N,"2026-04-21 16:33:26"
"195","Joseph","Baker","M","370-555-1399","bakerjoseph929@offlinemail.com","68684 Lincoln Ave","Sanford","NC","27330","Lee","1994-11-19","1","0","2023-08-05 00:00:00",\N,"2026-04-21 16:32:41"
"196","Luna","Hernandez","F","287-555-2407","lunahernandez374@notinbox.net","94644 Shady Ln","Clayton","NC","27520","Johnston","1987-02-08","1","1","2025-09-12 00:00:00",\N,"2026-04-21 16:33:26"
"197","Jennifer","Johnson","F","435-555-1896","johnson669@notinbox.net","21849 Walnut Ave","Sanford","NC","27330","Lee","1984-07-29","1","0","2024-03-01 00:00:00",\N,"2026-04-21 16:33:26"
"198","Florence","Brown","F","200-555-1662","florence458@nachomail.net","50733 Circle Dr","Angier","NC","27501","Harnett","2003-08-03","1","0","2024-09-22 00:00:00",\N,"2026-04-21 16:33:26"
"199","Elizabeth","Davis","F","298-555-3959","davis279@fakeinbox.net","69039 Laurel Rd","Durham","NC","27704","Durham","1940-09-24","0","1","2022-09-15 00:00:00","2025-07-05 00:00:00","2026-04-21 16:33:26"
"200","Luna","Baker","F","474-555-4134","lunab984@nachomail.net","10139 Magnolia Rd","Angier","NC","27501","Harnett","1962-10-14","1","0","2023-11-18 00:00:00",\N,"2026-04-21 16:33:26"
"201","Robert","Martin","M","482-555-3303","robert717@offlinemail.com","3735 Park St","Sanford","NC","27330","Lee","2004-12-04","1","0","2025-10-20 00:00:00",\N,"2026-04-21 16:32:41"
"202","Randy","Jones","M","411-555-2913","rjones3@fakemail.com","62000 Church St","Cary","NC","27511","Wake","1954-05-10","1","1","2023-10-27 00:00:00",\N,"2026-04-21 16:32:41"
"203","Luna","Williams","F","412-555-4434","williamsluna140@notinbox.net","18488 Dogwood St","Durham","NC","27701","Durham","2004-04-29","1","0","2022-09-10 00:00:00",\N,"2026-04-21 16:33:26"
"204","Luna","Rodriguez","F","401-555-9931","lunar479@nachomail.net","91388 Laurel Rd","Apex","NC","27502","Wake","2005-01-19","1","1","2022-12-31 00:00:00",\N,"2026-04-21 16:33:26"
"205","Jessica","Taylor","F","217-555-7244","taylorjessica409@nachomail.net","81031 Circle Dr","Raleigh","NC","27606","Wake","2003-02-28","0","1","2019-05-18 00:00:00","2024-09-09 00:00:00","2026-04-21 16:33:26"
"206","Stephanie","Rodriguez","F","394-555-6845","stephanierodriguez856@nachomail.net","89580 Maple Ave","Raleigh","NC","27614","Wake","1971-12-30","1","0","2022-06-27 00:00:00",\N,"2026-04-21 16:33:26"
"207","Patricia","Bell","F","403-555-2374","patriciab780@notinbox.net","28978 Park St","Cary","NC","27513","Wake","1949-08-22","1","1","2024-03-25 00:00:00",\N,"2026-04-21 16:33:26"
"208","Luna","Thomas","F","465-555-2305","lunathomas854@fakeinbox.net","12917 Park St","Apex","NC","27502","Wake","1940-09-09","1","0","2020-02-21 00:00:00",\N,"2026-04-21 16:33:26"
"209","William","Hill","M","357-555-8538","williamhill359@offlinemail.com","52791 Elm St","Garner","NC","27529","Wake","1987-10-15","1","0","2023-07-23 00:00:00",\N,"2026-04-21 16:33:50"
"210","Florence","Cooper","F","305-555-8276","florencecooper320@nachomail.net","59909 State St","Raleigh","NC","27615","Wake","1964-05-19","1","0","2023-10-27 00:00:00",\N,"2026-04-21 16:33:26"
"211","Nancy","Hill","F","481-555-8537","nancy285@fakemail.com","4769 Park St","Durham","NC","27701","Durham","1946-08-23","0","0","2024-04-19 00:00:00","2025-04-15 00:00:00","2026-04-21 16:33:26"
"212","Thomas","Wilson","M","366-555-8776","thomasw875@nachomail.net","60050 Chestnut St","Durham","NC","27704","Durham","1953-09-20","0","1","2022-07-22 00:00:00","2023-03-20 00:00:00","2026-04-21 16:32:41"
"213","Charles","Kelly","M","298-555-6818","charlesk775@nachomail.net","67583 Birch St","Erwin","NC","28339","Harnett","1945-09-13","1","1","2023-03-23 00:00:00",\N,"2026-04-21 16:32:41"
"214","Michael","Moore","M","463-555-5252","michael227@fakeinbox.net","89546 Spruce Ln","Fuquay-Varina","NC","27526","Wake","1962-08-15","1","1","2021-09-26 00:00:00",\N,"2026-04-21 16:32:41"
"215","James","Edwards","M","314-555-5821","jamese444@fakemail.com","66367 Pine St","Lillington","NC","27546","Harnett","1989-12-09","1","0","2020-01-01 00:00:00",\N,"2026-04-21 16:32:41"
"216","Andrew","Davis","M","377-555-7782","andrewdavis648@fakemail.com","55408 Central Ave","Raleigh","NC","27614","Wake","1950-06-29","1","1","2023-01-25 00:00:00",\N,"2026-04-21 16:32:41"
"217","Sarah","Bell","F","278-555-2274","sbell527@nachomail.net","92302 Birch St","Apex","NC","27502","Wake","1973-02-19","1","1","2021-10-16 00:00:00",\N,"2026-04-21 16:33:26"
"218","Sarah","Green","F","200-555-3190","sarah49@notinbox.net","48239 Circle Dr","Durham","NC","27701","Durham","1954-06-27","1","0","2020-10-02 00:00:00",\N,"2026-04-21 16:33:26"
"219","Susan","Cooper","F","284-555-8895","susanc441@nachomail.net","26178 Circle Dr","Fuquay-Varina","NC","27526","Wake","2001-01-24","0","0","2020-11-13 00:00:00","2022-12-28 00:00:00","2026-04-21 16:33:26"
"220","Charlotte","Clark","F","360-555-7510","cclark292@notinbox.net","78490 Walnut Ave","Raleigh","NC","27607","Wake","1979-06-09","1","1","2022-12-14 00:00:00",\N,"2026-04-21 16:33:26"
"221","Christopher","Martin","M","277-555-6058","christopher190@fakemail.com","79570 Pine St","Broadway","NC","27505","Harnett","1972-04-21","1","1","2023-01-19 00:00:00",\N,"2026-04-21 16:32:41"
"222","Matthew","Wilson","M","473-555-6437","matthewwilson168@nachomail.net","3807 Cardinal Ave","Durham","NC","27701","Durham","1967-03-18","1","1","2020-02-13 00:00:00",\N,"2026-04-21 16:32:41"
"223","Stephanie","Lee","F","351-555-2546","stephanielee312@notinbox.net","81128 Laurel Rd","Raleigh","NC","27614","Wake","1976-03-07","1","1","2019-09-16 00:00:00",\N,"2026-04-21 16:33:26"
"224","Patricia","Miller","F","270-555-8247","miller956@nachomail.net","49592 Jefferson St","Holly Springs","NC","27540","Wake","2005-11-11","1","0","2019-03-09 00:00:00",\N,"2026-04-21 16:33:26"
"225","Susan","Hernandez","F","484-555-7760","susanhernandez250@offlinemail.com","57303 Elm St","Dunn","NC","28334","Harnett","1955-02-13","1","1","2025-01-25 00:00:00",\N,"2026-04-21 16:33:26"
"226","Daniel","Johnson","M","234-555-2815","danieljohnson789@notinbox.net","9201 Pine St","Lillington","NC","27546","Harnett","1980-10-09","1","1","2019-09-11 00:00:00",\N,"2026-04-21 16:32:41"
"227","Stephanie","Bell","F","360-555-7584","stephanie363@offlinemail.com","64780 Spruce Ln","Raleigh","NC","27606","Wake","1995-07-16","1","1","2026-01-30 00:00:00",\N,"2026-04-21 16:33:26"
"228","Thomas","Moore","M","347-555-7829","thomas660@fakeinbox.net","72552 Cardinal Ave","Raleigh","NC","27606","Wake","1981-11-16","1","0","2023-03-29 00:00:00",\N,"2026-04-21 16:32:41"
"229","Robert","Lee","M","419-555-5313","leerobert689@fakeinbox.net","270 State St","Sanford","NC","27330","Lee","1941-04-27","1","1","2026-03-22 00:00:00",\N,"2026-04-21 16:32:41"
"230","Liam","Anderson","M","491-555-6077","liam228@offlinemail.com","10841 Elm St","Dunn","NC","28334","Harnett","2003-05-07","1","1","2020-07-28 00:00:00",\N,"2026-04-21 16:32:41"
"231","Matthew","Taylor","M","490-555-1637","matthewtaylor783@offlinemail.com","50527 Birch St","Raleigh","NC","27614","Wake","1954-04-18","1","1","2019-09-25 00:00:00",\N,"2026-04-21 16:32:41"
"232","Thomas","White","M","370-555-3374","thomas809@offlinemail.com","14773 Lakeview Dr","Clayton","NC","27520","Johnston","1991-03-05","1","0","2025-03-20 00:00:00",\N,"2026-04-21 16:32:41"
"233","Sarah","Cooper","F","289-555-5825","scooper162@fakeinbox.net","64774 Walnut Ave","Raleigh","NC","27607","Wake","1947-02-11","0","0","2024-12-13 00:00:00","2025-07-11 00:00:00","2026-04-21 16:33:26"
"234","Nancy","Miller","F","366-555-2353","nmiller391@offlinemail.com","34435 Circle Dr","Raleigh","NC","27612","Wake","1960-02-21","1","0","2021-02-26 00:00:00",\N,"2026-04-21 16:33:26"
"235","Jennifer","Wilson","F","405-555-4137","wilsonjennifer533@fakeinbox.net","89461 Magnolia Rd","Durham","NC","27701","Durham","1993-05-29","1","1","2023-02-08 00:00:00",\N,"2026-04-21 16:33:26"
"236","John","Smith","M","339-555-8981","smithjohn453@fakeinbox.net","45186 Chestnut St","Erwin","NC","28339","Harnett","1940-05-29","0","1","2021-04-30 00:00:00","2026-02-16 00:00:00","2026-04-21 16:32:41"
"237","William","Johnson","M","296-555-5850","johnsonwilliam665@fakeinbox.net","78804 Lincoln Ave","Raleigh","NC","27614","Wake","1950-03-19","1","1","2026-01-19 00:00:00",\N,"2026-04-21 16:33:50"
"238","Nancy","Brown","F","339-555-5668","nancybrown428@fakemail.com","24145 State St","Fuquay-Varina","NC","27526","Wake","1967-12-14","1","1","2019-05-13 00:00:00",\N,"2026-04-21 16:33:26"
"239","William","Martinez","M","403-555-8714","martinezwilliam428@nachomail.net","3408 Jefferson St","Raleigh","NC","27616","Wake","1975-12-21","1","1","2021-06-21 00:00:00",\N,"2026-04-21 16:33:50"
"240","Barbara","Hill","F","213-555-9214","barbarah195@notinbox.net","31921 Central Ave","Raleigh","NC","27607","Wake","1956-06-28","1","1","2022-12-29 00:00:00",\N,"2026-04-21 16:33:26"
"241","Thomas","Taylor","M","319-555-1588","ttaylor55@offlinemail.com","30023 Birch St","Cary","NC","27511","Wake","1989-03-20","1","1","2024-04-12 00:00:00",\N,"2026-04-21 16:32:41"
"242","Susan","Wilson","F","379-555-2181","wilson23@notinbox.net","5822 Lincoln Ave","Raleigh","NC","27614","Wake","1958-03-18","0","1","2020-01-23 00:00:00","2023-07-04 00:00:00","2026-04-21 16:33:26"
"243","Stephanie","Hernandez","F","398-555-8114","stephanieh328@fakemail.com","50234 Central Ave","Clayton","NC","27520","Johnston","1953-06-21","1","0","2024-04-24 00:00:00",\N,"2026-04-21 16:33:26"
"244","Patricia","Taylor","F","471-555-5979","patriciat349@fakeinbox.net","95454 Circle Dr","Durham","NC","27704","Durham","1963-01-07","1","1","2024-02-24 00:00:00",\N,"2026-04-21 16:33:26"
"245","Jennifer","Garcia","F","317-555-1365","jennifergarcia807@offlinemail.com","24686 Lincoln Ave","Sanford","NC","27330","Lee","1986-06-27","0","1","2024-07-31 00:00:00","2026-01-19 00:00:00","2026-04-21 16:33:26"
"246","Elizabeth","Hernandez","F","417-555-3444","elizabethhernandez826@notinbox.net","94201 Jefferson St","Raleigh","NC","27606","Wake","1966-09-29","0","1","2021-11-30 00:00:00","2024-10-02 00:00:00","2026-04-21 16:33:26"
"247","Randy","Hernandez","M","430-555-3917","randy132@offlinemail.com","33333 Lincoln Ave","Morrisville","NC","27560","Wake","1956-09-11","1","1","2019-02-10 00:00:00",\N,"2026-04-21 16:32:41"
"248","Patricia","Cooper","F","300-555-8177","patriciacooper89@nachomail.net","77557 Chestnut St","Sanford","NC","27330","Lee","1984-07-15","1","1","2020-10-05 00:00:00",\N,"2026-04-21 16:33:26"
"249","John","Green","M","358-555-5121","greenjohn591@nachomail.net","27727 Cedar Ln","Angier","NC","27501","Harnett","1979-07-10","0","1","2024-02-05 00:00:00","2025-07-18 00:00:00","2026-04-21 16:32:41"
"250","Elizabeth","Martinez","F","389-555-7636","martinez280@fakeinbox.net","64937 Cardinal Ave","Cary","NC","27513","Wake","1980-07-21","0","0","2021-03-11 00:00:00","2022-12-30 00:00:00","2026-04-21 16:33:26"
"251","Matthew","Hill","M","466-555-9515","hill106@fakeinbox.net","96588 Washington St","Durham","NC","27701","Durham","1984-05-11","1","1","2026-02-24 00:00:00",\N,"2026-04-21 16:32:41"
"252","Andrew","Williams","M","251-555-2079","awilliams327@fakeinbox.net","46827 Walnut Ave","Angier","NC","27501","Harnett","1983-10-16","1","1","2023-07-29 00:00:00",\N,"2026-04-21 16:32:41"
"253","Jason","Hill","M","332-555-3526","jasonh536@fakeinbox.net","98960 Pine St","Garner","NC","27529","Wake","1977-05-09","0","1","2021-12-07 00:00:00","2025-05-16 00:00:00","2026-04-21 16:32:41"
"254","Robert","White","M","258-555-7531","robert342@notinbox.net","35832 State St","Morrisville","NC","27560","Wake","1960-03-17","1","0","2019-09-01 00:00:00",\N,"2026-04-21 16:32:41"
"255","Jessica","Rodriguez","F","269-555-7569","jessicarodriguez61@nachomail.net","39103 Main St","Raleigh","NC","27612","Wake","1963-08-22","0","1","2019-10-29 00:00:00","2025-07-20 00:00:00","2026-04-21 16:33:26"
"256","Robert","Baker","M","457-555-5128","robertb589@nachomail.net","21646 Dogwood St","Raleigh","NC","27606","Wake","1972-05-11","1","0","2019-07-25 00:00:00",\N,"2026-04-21 16:32:41"
"257","Richard","Clark","M","322-555-8802","richard120@fakeinbox.net","83594 Church St","Raleigh","NC","27614","Wake","2000-11-05","1","0","2024-08-17 00:00:00",\N,"2026-04-21 16:32:41"
"258","Luna","Williams","F","343-555-9864","williams465@fakemail.com","21441 Washington St","Raleigh","NC","27606","Wake","2005-03-03","1","1","2023-08-21 00:00:00",\N,"2026-04-21 16:33:26"
"259","Randy","Allen","M","281-555-9928","rallen233@nachomail.net","26855 Maple Ave","Erwin","NC","28339","Harnett","1996-10-01","1","1","2025-04-19 00:00:00",\N,"2026-04-21 16:32:41"
"260","Charlotte","Lee","F","499-555-5413","lee145@fakemail.com","22018 Church St","Raleigh","NC","27614","Wake","1957-08-11","0","1","2021-08-03 00:00:00","2021-11-17 00:00:00","2026-04-21 16:33:26"
"261","Liam","Baker","M","475-555-2020","bakerliam221@offlinemail.com","95746 Cedar Ln","Raleigh","NC","27601","Wake","1983-08-14","1","1","2022-07-11 00:00:00",\N,"2026-04-21 16:32:41"
"262","Thomas","Thomas","M","290-555-8247","thomasthomas952@nachomail.net","47473 Pine St","Erwin","NC","28339","Harnett","2002-02-03","0","1","2022-03-12 00:00:00","2024-11-05 00:00:00","2026-04-21 16:32:41"
"263","Robert","Johnson","M","309-555-9896","johnson768@notinbox.net","99999 Chestnut St","Garner","NC","27529","Wake","1976-11-28","0","1","2019-12-07 00:00:00","2020-04-16 00:00:00","2026-04-21 16:32:41"
"264","Liam","Kelly","M","329-555-9388","kellyliam379@offlinemail.com","40879 Lakeview Dr","Garner","NC","27529","Wake","1998-02-03","1","0","2023-01-11 00:00:00",\N,"2026-04-21 16:32:41"
"265","Jessica","Davis","F","431-555-3519","davis25@fakeinbox.net","2197 Park St","Lillington","NC","27546","Harnett","1972-11-05","1","1","2022-10-25 00:00:00",\N,"2026-04-21 16:33:26"
"266","Thomas","Moore","M","228-555-5727","thomas261@fakemail.com","30789 Walnut Ave","Broadway","NC","27505","Harnett","1979-12-21","1","0","2025-12-24 00:00:00",\N,"2026-04-21 16:32:41"
"267","Lisa","Martin","F","222-555-9604","lisam112@fakemail.com","8324 Washington St","Garner","NC","27529","Wake","2003-09-15","1","1","2020-08-21 00:00:00",\N,"2026-04-21 16:33:26"
"268","Barbara","Clark","F","480-555-9715","barbaraclark491@notinbox.net","26074 Birch St","Raleigh","NC","27614","Wake","1977-07-25","1","0","2020-10-16 00:00:00",\N,"2026-04-21 16:33:26"
"269","Joseph","Smith","M","473-555-6860","josephsmith40@nachomail.net","36226 Chestnut St","Sanford","NC","27330","Lee","1996-05-18","1","0","2023-01-16 00:00:00",\N,"2026-04-21 16:32:41"
"270","John","Lopez","M","377-555-2484","lopezjohn128@fakeinbox.net","10227 Shady Ln","Durham","NC","27701","Durham","1997-06-25","1","1","2019-04-18 00:00:00",\N,"2026-04-21 16:32:41"
"271","Robert","Thomas","M","352-555-1343","robertthomas966@fakemail.com","36280 Magnolia Rd","Garner","NC","27529","Wake","1985-11-03","0","1","2021-05-06 00:00:00","2023-01-05 00:00:00","2026-04-21 16:32:41"
"272","Jessica","Martin","F","498-555-9814","jessicamartin780@nachomail.net","58747 Oak St","Lillington","NC","27546","Harnett","1959-07-09","1","0","2023-01-01 00:00:00",\N,"2026-04-21 16:33:26"
"273","William","Smith","M","396-555-2394","wsmith91@offlinemail.com","84622 State St","Raleigh","NC","27604","Wake","1999-08-28","1","0","2020-01-27 00:00:00",\N,"2026-04-21 16:33:50"
"274","Mary","Bell","F","327-555-5822","marybell829@fakemail.com","85724 Jefferson St","Morrisville","NC","27560","Wake","1989-05-12","0","1","2020-08-28 00:00:00","2023-07-28 00:00:00","2026-04-21 16:33:26"
"275","Sarah","White","F","255-555-3341","white839@notinbox.net","2322 Elm St","Raleigh","NC","27616","Wake","1944-03-11","0","0","2020-03-31 00:00:00","2023-09-19 00:00:00","2026-04-21 16:33:26"
"276","Liam","Allen","M","304-555-5080","liama676@nachomail.net","32209 Lakeview Dr","Erwin","NC","28339","Harnett","1968-09-09","1","0","2023-11-09 00:00:00",\N,"2026-04-21 16:32:41"
"277","Patricia","Lopez","F","314-555-3277","patricial46@offlinemail.com","46468 Shady Ln","Raleigh","NC","27607","Wake","1969-12-21","1","0","2021-10-15 00:00:00",\N,"2026-04-21 16:33:26"
"278","Patricia","Lee","F","324-555-8472","lee467@fakeinbox.net","53991 Dogwood St","Raleigh","NC","27604","Wake","1985-08-04","1","0","2025-08-23 00:00:00",\N,"2026-04-21 16:33:26"
"279","Charlotte","Adams","F","415-555-8778","charlotteadams537@offlinemail.com","77240 Walnut Ave","Raleigh","NC","27615","Wake","1968-01-26","1","0","2022-01-13 00:00:00",\N,"2026-04-21 16:33:26"
"280","Charles","Green","M","236-555-9622","cgreen999@fakeinbox.net","67328 Maple Ave","Clayton","NC","27520","Johnston","1992-05-05","1","0","2021-07-06 00:00:00",\N,"2026-04-21 16:32:41"
"281","Jason","Lopez","M","234-555-7953","jasonl140@notinbox.net","22235 Spruce Ln","Broadway","NC","27505","Harnett","1958-03-05","1","1","2022-06-14 00:00:00",\N,"2026-04-21 16:32:41"
"282","Nancy","Davis","F","271-555-9495","nancydavis963@nachomail.net","18176 Cardinal Ave","Erwin","NC","28339","Harnett","1953-06-20","1","1","2021-06-10 00:00:00",\N,"2026-04-21 16:33:26"
"283","William","Moore","M","460-555-8530","williammoore211@nachomail.net","73889 Church St","Dunn","NC","28334","Harnett","1942-09-01","0","1","2020-04-04 00:00:00","2022-03-09 00:00:00","2026-04-21 16:33:50"
"284","Richard","Garcia","M","375-555-6575","rgarcia533@offlinemail.com","38630 Park St","Clayton","NC","27520","Johnston","1977-12-17","1","1","2020-12-16 00:00:00",\N,"2026-04-21 16:32:41"
"285","William","Baker","M","394-555-9991","williamb86@nachomail.net","66284 Cardinal Ave","Raleigh","NC","27615","Wake","2005-08-17","1","1","2023-03-22 00:00:00",\N,"2026-04-21 16:33:50"
"286","Christopher","Allen","M","384-555-8083","allenchristopher992@fakemail.com","35209 Spruce Ln","Raleigh","NC","27614","Wake","1981-08-07","0","1","2021-07-18 00:00:00","2025-09-12 00:00:00","2026-04-21 16:32:41"
"287","Jennifer","White","F","380-555-4671","jwhite614@fakemail.com","15379 Main St","Apex","NC","27502","Wake","1941-08-03","0","0","2020-09-04 00:00:00","2023-01-13 00:00:00","2026-04-21 16:33:26"
"288","Joseph","Moore","M","247-555-2269","josephmoore516@offlinemail.com","85353 Shady Ln","Sanford","NC","27330","Lee","1980-01-11","1","1","2021-06-26 00:00:00",\N,"2026-04-21 16:32:41"
"289","Barbara","Green","F","307-555-2009","barbarag664@nachomail.net","30624 Washington St","Raleigh","NC","27607","Wake","1945-06-19","1","1","2022-11-20 00:00:00",\N,"2026-04-21 16:33:26"
"290","Charles","Kelly","M","436-555-6929","ckelly45@fakemail.com","20471 Magnolia Rd","Raleigh","NC","27614","Wake","1997-07-05","0","1","2019-09-30 00:00:00","2022-10-31 00:00:00","2026-04-21 16:32:41"
"291","John","Wilson","M","274-555-5067","johnwilson257@offlinemail.com","33851 Church St","Raleigh","NC","27606","Wake","1946-01-06","1","1","2023-08-12 00:00:00",\N,"2026-04-21 16:32:41"
"292","Luna","Cooper","F","372-555-2311","cooper780@nachomail.net","89796 Shady Ln","Cary","NC","27511","Wake","1983-03-29","1","1","2020-08-28 00:00:00",\N,"2026-04-21 16:33:26"
"293","Stephanie","Rodriguez","F","260-555-3387","rodriguez464@notinbox.net","71402 Pine St","Dunn","NC","28334","Harnett","1977-01-18","1","1","2020-09-20 00:00:00",\N,"2026-04-21 16:33:26"
"294","Susan","Lee","F","355-555-8634","lee99@offlinemail.com","19212 Chestnut St","Raleigh","NC","27616","Wake","2002-08-07","1","1","2022-08-17 00:00:00",\N,"2026-04-21 16:33:26"
"295","William","White","M","301-555-7686","william318@fakemail.com","20144 Shady Ln","Erwin","NC","28339","Harnett","1956-10-26","1","1","2024-09-12 00:00:00",\N,"2026-04-21 16:33:50"
"296","Daniel","Moore","M","273-555-7982","danielmoore949@offlinemail.com","2416 Spruce Ln","Sanford","NC","27330","Lee","1949-10-21","1","1","2022-01-26 00:00:00",\N,"2026-04-21 16:32:41"
"297","Christopher","Moore","M","363-555-4815","moorechristopher897@notinbox.net","26764 State St","Morrisville","NC","27560","Wake","1971-09-02","1","0","2024-07-11 00:00:00",\N,"2026-04-21 16:32:41"
"298","Michael","Lee","M","492-555-9089","leemichael658@offlinemail.com","90530 Shady Ln","Garner","NC","27529","Wake","1976-11-30","1","0","2022-11-17 00:00:00",\N,"2026-04-21 16:32:41"
"299","Thomas","Allen","M","355-555-9150","allenthomas667@notinbox.net","85024 Lincoln Ave","Apex","NC","27502","Wake","1989-11-21","1","1","2021-10-19 00:00:00",\N,"2026-04-21 16:32:41"
"300","Elizabeth","Martin","F","331-555-4812","martinelizabeth431@nachomail.net","33135 Spruce Ln","Broadway","NC","27505","Harnett","1977-08-14","1","1","2021-05-12 00:00:00",\N,"2026-04-21 16:33:26"
