customer_key,customer_id,first_name,last_name,gender,phone_number,email_address,street_address,city,state,zipcode,county,birthdate,age,is_active,loyalty_member,date_created,date_inactive
1,1,Joseph,Anderson,Male,240-555-4124,anderson590@notinbox.net,"80494 Hummingbird Dr",Dunn,NC,28334,Harnett,1952-04-22,74,1,1,2023-01-21,NULL
2,2,Luna,Green,Female,476-555-2407,greenluna247@notinbox.net,"32235 Elm St","Holly Springs",NC,27540,Wake,1942-07-26,83,1,0,2019-03-15,NULL
3,3,Richard,Hernandez,Male,385-555-5744,richardhernandez724@fakeinbox.net,"77657 Cardinal Ave",Raleigh,NC,27615,Wake,1940-06-22,85,1,0,2022-05-21,NULL
4,4,Richard,Allen,Male,315-555-9517,richard595@fakeinbox.net,"13624 Dogwood St",Raleigh,NC,27612,Wake,1951-03-04,75,1,1,2020-10-08,NULL
5,5,Susan,Johnson,Female,365-555-6207,johnsonsusan699@nachomail.net,"22809 Central Ave",Garner,NC,27529,Wake,1968-10-26,57,1,0,2024-12-20,NULL
6,6,Lisa,Hernandez,Female,238-555-8507,lisa334@offlinemail.com,"9599 Church St",Raleigh,NC,27616,Wake,1961-05-21,65,1,1,2021-09-18,NULL
7,7,William,Adams,Male,212-555-9665,williamadams495@offlinemail.com,"82922 Magnolia Rd",Fuquay-Varina,NC,27526,Wake,1942-09-05,83,1,1,2021-12-06,NULL
8,8,Jessica,Thomas,Female,326-555-8282,jessicat348@notinbox.net,"30360 Lincoln Ave",Clayton,NC,27520,Johnston,1982-09-22,43,1,0,2025-07-06,NULL
9,9,Thomas,Anderson,Male,449-555-8756,tanderson617@nachomail.net,"40895 Maple Ave",Durham,NC,27704,Durham,1956-03-30,70,1,1,2020-12-12,NULL
10,10,William,Brown,Male,283-555-6430,brown412@notinbox.net,"41662 Central Ave",Raleigh,NC,27616,Wake,1943-05-25,83,1,1,2023-10-01,NULL
11,11,Patricia,Williams,Female,402-555-3048,patriciaw180@notinbox.net,"84812 Cardinal Ave",Raleigh,NC,27616,Wake,2000-11-18,25,1,1,2022-05-07,NULL
12,12,Elizabeth,Johnson,Female,386-555-2595,elizabethj886@fakeinbox.net,"99366 Walnut Ave",Cary,NC,27513,Wake,1984-10-25,41,1,1,2021-06-29,NULL
13,13,Christopher,Williams,Male,333-555-3145,williamschristopher578@fakeinbox.net,"7474 Central Ave","Holly Springs",NC,27540,Wake,1968-05-30,58,1,0,2021-06-03,NULL
14,14,Mary,Jones,Female,462-555-7906,jones124@offlinemail.com,"80724 Birch St",Cary,NC,27511,Wake,1943-01-30,83,0,0,2019-08-30,2024-12-31
15,15,Charlotte,Williams,Female,229-555-7345,williams151@offlinemail.com,"26493 Cedar Ln",Cary,NC,27513,Wake,1945-12-12,80,1,1,2020-04-27,NULL
16,16,Jason,Green,Male,388-555-1207,jason570@offlinemail.com,"91361 Spruce Ln",Clayton,NC,27520,Johnston,1973-05-28,53,1,0,2026-04-06,NULL
17,17,Charles,Taylor,Male,238-555-5565,ctaylor370@fakemail.com,"58541 Circle Dr",Raleigh,NC,27606,Wake,1978-02-04,48,1,0,2022-04-05,NULL
18,18,Luna,Brown,Female,223-555-6146,luna730@fakeinbox.net,"47366 State St",Raleigh,NC,27601,Wake,1955-06-21,70,1,1,2020-10-10,NULL
19,19,Thomas,Williams,Male,380-555-3683,williamsthomas186@notinbox.net,"8775 Hummingbird Dr",Cary,NC,27513,Wake,2001-08-22,24,1,1,2025-05-15,NULL
20,20,Florence,Cooper,Female,439-555-7663,florencecooper914@fakemail.com,"44691 Laurel Rd",Durham,NC,27701,Durham,1999-04-23,27,0,0,2020-04-07,2022-07-10
21,21,John,Bell,Male,447-555-3392,john142@offlinemail.com,"84464 State St",Raleigh,NC,27607,Wake,1947-11-16,78,1,0,2023-05-30,NULL
22,22,Richard,Cooper,Male,258-555-5294,rcooper998@notinbox.net,"39738 Main St",Raleigh,NC,27607,Wake,1963-07-17,62,0,1,2023-05-04,2024-09-06
23,23,Stephanie,Moore,Female,444-555-1343,stephaniemoore612@notinbox.net,"54139 Elm St",Cary,NC,27511,Wake,1940-01-07,86,1,0,2023-08-17,NULL
24,24,Richard,Jones,Male,216-555-9001,richard491@nachomail.net,"88404 Cardinal Ave",Fuquay-Varina,NC,27526,Wake,1984-06-02,42,0,1,2022-05-07,2022-12-17
25,25,Stephanie,Bell,Female,308-555-6328,stephanieb111@offlinemail.com,"32650 Pine St",Raleigh,NC,27606,Wake,1997-05-02,29,1,0,2023-07-22,NULL
26,26,Charlotte,Williams,Female,292-555-7654,charlottew778@offlinemail.com,"57178 Church St",Durham,NC,27701,Durham,1949-10-16,76,1,1,2021-12-26,NULL
27,27,Thomas,Clark,Male,485-555-9581,tclark48@fakeinbox.net,"91058 Washington St",Apex,NC,27502,Wake,1990-02-28,36,1,0,2020-04-02,NULL
28,28,Florence,White,Female,462-555-1928,whiteflorence312@nachomail.net,"96686 Circle Dr",Durham,NC,27701,Durham,2004-09-03,21,0,1,2022-09-20,2024-03-06
29,29,Nancy,Allen,Female,256-555-4876,nancyallen486@nachomail.net,"46926 Birch St",Garner,NC,27529,Wake,2000-08-20,25,1,1,2023-08-14,NULL
30,30,Michael,Wilson,Male,230-555-4191,wilsonmichael655@notinbox.net,"53472 Shady Ln",Durham,NC,27704,Durham,1975-08-18,50,1,0,2021-01-22,NULL
31,31,Michael,Martin,Male,224-555-9152,martin859@fakeinbox.net,"20264 Jefferson St",Raleigh,NC,27614,Wake,1970-05-28,56,0,0,2020-04-13,2023-09-30
32,32,Daniel,Smith,Male,465-555-9231,danielsmith262@fakeinbox.net,"51735 Magnolia Rd",Erwin,NC,28339,Harnett,1971-03-26,55,0,0,2021-07-10,2024-08-30
33,33,Mary,Hernandez,Female,209-555-3319,maryhernandez758@nachomail.net,"22633 Washington St",Raleigh,NC,27614,Wake,1967-08-16,58,1,1,2026-03-15,NULL
34,34,Sarah,Johnson,Female,226-555-9631,johnsonsarah352@fakeinbox.net,"45373 Maple Ave",Raleigh,NC,27607,Wake,1983-11-20,42,1,1,2025-02-02,NULL
35,35,Barbara,Martinez,Female,347-555-6420,bmartinez300@notinbox.net,"84337 Circle Dr",Garner,NC,27529,Wake,1979-09-26,46,1,0,2020-07-28,NULL
36,36,David,Williams,Male,315-555-5469,david889@nachomail.net,"48131 Main St",Dunn,NC,28334,Harnett,1957-08-21,68,1,1,2023-02-19,NULL
37,37,Jennifer,Wilson,Female,354-555-6996,jennifer791@fakeinbox.net,"56853 Park St",Morrisville,NC,27560,Wake,1946-03-19,80,1,0,2020-05-28,NULL
38,38,Joseph,Lopez,Male,398-555-5850,joseph765@nachomail.net,"93509 Maple Ave",Garner,NC,27529,Wake,1978-07-15,47,1,1,2020-11-24,NULL
39,39,Andrew,Edwards,Male,448-555-7664,edwards569@fakemail.com,"54446 Cedar Ln",Cary,NC,27513,Wake,1991-05-06,35,0,1,2020-06-30,2023-10-06
40,40,Charlotte,Allen,Female,393-555-5233,allen438@notinbox.net,"23191 Shady Ln",Raleigh,NC,27604,Wake,1995-05-24,31,1,1,2025-02-10,NULL
41,41,Charles,Miller,Male,322-555-6974,charlesm475@nachomail.net,"54500 Dogwood St",Apex,NC,27502,Wake,1992-03-31,34,1,0,2019-03-16,NULL
42,42,Patricia,Brown,Female,255-555-2900,pbrown325@fakeinbox.net,"80696 Oak St",Raleigh,NC,27601,Wake,1948-08-02,77,1,0,2023-07-01,NULL
43,43,Barbara,Edwards,Female,206-555-5636,barbaraedwards122@fakemail.com,"77478 Chestnut St",Raleigh,NC,27614,Wake,1986-10-16,39,1,0,2019-01-22,NULL
44,44,Jessica,Adams,Female,360-555-3770,jessicaa246@nachomail.net,"63663 Circle Dr",Dunn,NC,28334,Harnett,1981-05-24,45,0,1,2026-03-07,2026-04-09
45,45,Andrew,Edwards,Male,383-555-3658,andrewedwards69@offlinemail.com,"19614 Main St","Holly Springs",NC,27540,Wake,1973-01-31,53,0,1,2021-04-25,2023-11-27
46,46,Thomas,Brown,Male,473-555-8893,brown72@notinbox.net,"84380 Maple Ave",Angier,NC,27501,Harnett,1997-10-11,28,1,0,2025-09-02,NULL
47,47,Jessica,Davis,Female,287-555-3156,jessicadavis996@nachomail.net,"72147 Oak St",Sanford,NC,27330,Lee,1999-01-04,27,0,0,2023-08-01,2023-10-15
48,48,Jason,Carter,Male,315-555-7536,carterjason183@offlinemail.com,"61070 Maple Ave",Garner,NC,27529,Wake,1989-05-18,37,1,1,2024-08-20,NULL
49,49,Andrew,Clark,Male,230-555-7787,andrewclark260@nachomail.net,"44376 Oak St",Raleigh,NC,27616,Wake,1982-04-05,44,0,1,2020-05-31,2025-03-12
50,50,Richard,Hernandez,Male,304-555-2479,hernandezrichard222@fakeinbox.net,"76007 Spruce Ln",Sanford,NC,27330,Lee,1994-12-22,31,0,1,2019-08-04,2025-03-28
51,51,James,Williams,Male,429-555-2786,jamesw372@fakeinbox.net,"71160 Walnut Ave",Raleigh,NC,27607,Wake,1988-05-12,38,1,1,2025-02-21,NULL
52,52,Liam,Lopez,Male,269-555-8909,liamlopez585@nachomail.net,"44135 Dogwood St",Durham,NC,27704,Durham,1985-12-02,40,1,1,2025-01-17,NULL
53,53,Charles,Adams,Male,208-555-9347,adams906@notinbox.net,"4537 Maple Ave",Morrisville,NC,27560,Wake,1952-10-24,73,1,0,2023-07-15,NULL
54,54,Robert,Kelly,Male,385-555-9625,kelly54@offlinemail.com,"3313 Pine St",Raleigh,NC,27616,Wake,1988-06-17,37,1,0,2023-07-15,NULL
55,55,John,Adams,Male,229-555-9156,jadams715@nachomail.net,"60745 Shady Ln",Raleigh,NC,27615,Wake,1975-11-14,50,1,0,2020-10-18,NULL
56,56,David,Brown,Male,297-555-7137,david220@fakemail.com,"3857 Circle Dr",Raleigh,NC,27616,Wake,1966-03-04,60,1,0,2021-08-23,NULL
57,57,James,Martin,Male,314-555-3242,james534@nachomail.net,"11271 Church St",Apex,NC,27502,Wake,1999-02-14,27,1,1,2019-07-21,NULL
58,58,Christopher,Kelly,Male,278-555-3581,kelly52@nachomail.net,"30759 Chestnut St",Cary,NC,27511,Wake,1960-07-01,65,1,0,2021-02-04,NULL
59,59,James,Williams,Male,316-555-5111,williamsjames576@nachomail.net,"22572 Maple Ave",Sanford,NC,27330,Lee,1959-06-21,66,1,0,2020-07-22,NULL
60,60,David,Martin,Male,387-555-4699,david422@notinbox.net,"59542 Washington St",Erwin,NC,28339,Harnett,1962-10-12,63,0,1,2024-12-25,2025-12-29
61,61,Matthew,Cooper,Male,297-555-8927,matthew203@fakemail.com,"45256 Washington St",Raleigh,NC,27615,Wake,2005-04-17,21,1,1,2021-10-05,NULL
62,62,Susan,Rodriguez,Female,487-555-6895,srodriguez238@fakeinbox.net,"50467 Park St",Morrisville,NC,27560,Wake,1990-10-19,35,1,0,2021-01-26,NULL
63,63,James,Hernandez,Male,483-555-2723,jhernandez477@offlinemail.com,"15335 Church St",Clayton,NC,27520,Johnston,2001-11-23,24,1,1,2021-01-25,NULL
64,64,Mary,Hernandez,Female,384-555-9502,hernandezmary476@fakemail.com,"66066 Maple Ave",Raleigh,NC,27606,Wake,1989-01-03,37,0,1,2025-04-30,2025-08-29
65,65,Patricia,Davis,Female,305-555-3212,pdavis487@fakeinbox.net,"23616 Laurel Rd",Raleigh,NC,27606,Wake,1959-08-05,66,0,0,2025-06-01,2025-10-06
66,66,William,Wilson,Male,480-555-8379,wwilson762@fakemail.com,"65045 Walnut Ave",Sanford,NC,27330,Lee,1990-10-05,35,1,0,2020-07-20,NULL
67,67,John,Lee,Male,302-555-6974,johnlee886@nachomail.net,"34263 Circle Dr",Clayton,NC,27520,Johnston,1995-05-06,31,1,0,2019-11-05,NULL
68,68,Karen,Carter,Female,462-555-5709,karen803@nachomail.net,"4198 Dogwood St",Fuquay-Varina,NC,27526,Wake,1953-09-14,72,1,0,2025-11-03,NULL
69,69,Randy,Thomas,Male,311-555-5160,thomasrandy717@offlinemail.com,"43951 Cedar Ln",Raleigh,NC,27607,Wake,1975-06-03,51,1,1,2021-08-01,NULL
70,70,Sarah,Brown,Female,424-555-5947,sarahbrown305@offlinemail.com,"10406 Main St",Fuquay-Varina,NC,27526,Wake,1990-01-15,36,0,1,2024-10-26,2026-03-20
71,71,Thomas,Brown,Male,268-555-3252,brown175@nachomail.net,"8138 Pine St",Angier,NC,27501,Harnett,1982-05-25,44,1,0,2024-01-29,NULL
72,72,Stephanie,Baker,Female,425-555-7809,baker450@notinbox.net,"11739 Main St",Fuquay-Varina,NC,27526,Wake,1945-03-29,81,1,1,2023-08-06,NULL
73,73,Charlotte,Cooper,Female,260-555-4502,cooper317@offlinemail.com,"25325 Laurel Rd",Lillington,NC,27546,Harnett,1946-02-13,80,1,1,2019-06-20,NULL
74,74,Jason,Taylor,Male,393-555-6045,taylorjason542@offlinemail.com,"83679 Lincoln Ave",Raleigh,NC,27606,Wake,1978-07-07,47,0,1,2021-07-29,2024-03-24
75,75,Daniel,Green,Male,439-555-8826,danielg291@offlinemail.com,"60160 Lakeview Dr",Durham,NC,27704,Durham,1993-12-09,32,1,1,2025-10-23,NULL
76,76,David,Lee,Male,263-555-9216,lee750@fakeinbox.net,"57954 Maple Ave",Garner,NC,27529,Wake,1996-12-30,29,0,1,2021-09-09,2026-02-13
77,77,Barbara,Adams,Female,390-555-4997,barbaraa379@offlinemail.com,"54874 Chestnut St",Lillington,NC,27546,Harnett,1945-05-10,81,0,1,2024-09-20,2024-12-03
78,78,Thomas,Bell,Male,281-555-4938,thomasbell301@notinbox.net,"58590 Shady Ln",Garner,NC,27529,Wake,1950-07-25,75,1,1,2025-03-19,NULL
79,79,Jessica,Lee,Female,377-555-7266,leejessica893@fakeinbox.net,"73125 Oak St",Raleigh,NC,27612,Wake,1990-04-14,36,1,1,2023-08-03,NULL
80,80,Barbara,Baker,Female,453-555-9218,bakerbarbara350@notinbox.net,"10116 Shady Ln",Morrisville,NC,27560,Wake,1968-06-06,58,1,0,2023-04-18,NULL
81,81,Florence,Johnson,Female,386-555-7388,florencej6@notinbox.net,"98571 Circle Dr",Cary,NC,27511,Wake,1963-01-07,63,1,1,2019-06-06,NULL
82,82,Florence,Garcia,Female,415-555-7268,garcia702@notinbox.net,"35718 Park St",Fuquay-Varina,NC,27526,Wake,1988-08-03,37,1,1,2022-10-22,NULL
83,83,David,Edwards,Male,349-555-7117,davidedwards955@notinbox.net,"73624 Pine St",Raleigh,NC,27607,Wake,1961-06-17,64,1,1,2022-03-16,NULL
84,84,Thomas,Wilson,Male,382-555-7946,twilson580@notinbox.net,"7056 Church St",Raleigh,NC,27604,Wake,1941-03-11,85,1,1,2023-08-06,NULL
85,85,Mary,Thomas,Female,237-555-3924,thomasmary391@fakemail.com,"97030 Lincoln Ave",Morrisville,NC,27560,Wake,1982-01-16,44,1,1,2025-02-02,NULL
86,86,Lisa,Johnson,Female,479-555-3561,ljohnson434@fakeinbox.net,"63573 State St",Cary,NC,27513,Wake,1945-12-18,80,1,0,2021-02-12,NULL
87,87,David,Cooper,Male,266-555-1160,davidc896@notinbox.net,"42385 Washington St",Dunn,NC,28334,Harnett,1971-05-08,55,1,1,2025-11-08,NULL
88,88,Jessica,Johnson,Female,458-555-3163,jessicajohnson895@fakemail.com,"90029 Lakeview Dr",Broadway,NC,27505,Harnett,1975-02-24,51,1,1,2025-02-08,NULL
89,89,William,Carter,Male,352-555-4575,wcarter17@fakemail.com,"86553 Circle Dr",Durham,NC,27701,Durham,2004-08-03,21,1,0,2021-09-11,NULL
90,90,Barbara,Davis,Female,477-555-3362,barbarad335@notinbox.net,"57718 Lincoln Ave",Morrisville,NC,27560,Wake,1978-04-29,48,0,1,2024-12-27,2025-12-18
91,91,Liam,Clark,Male,484-555-8402,liamc563@offlinemail.com,"86216 Maple Ave",Morrisville,NC,27560,Wake,1964-10-20,61,1,1,2023-01-10,NULL
92,92,Jessica,Bell,Female,270-555-2701,jessicabell592@fakeinbox.net,"65631 Jefferson St",Garner,NC,27529,Wake,2004-11-20,21,1,0,2024-08-02,NULL
93,93,Patricia,White,Female,409-555-4410,whitepatricia670@notinbox.net,"12834 Central Ave",Angier,NC,27501,Harnett,1976-10-28,49,1,1,2020-04-23,NULL
94,94,Elizabeth,Edwards,Female,463-555-7133,edwardselizabeth738@offlinemail.com,"66136 Spruce Ln",Clayton,NC,27520,Johnston,1978-09-29,47,0,0,2024-07-06,2025-03-02
95,95,Susan,Lopez,Female,310-555-2396,lopezsusan993@fakeinbox.net,"8200 Lakeview Dr",Erwin,NC,28339,Harnett,1961-12-11,64,1,0,2022-03-04,NULL
96,96,Karen,Clark,Female,471-555-4130,karenc879@notinbox.net,"12516 Church St","Holly Springs",NC,27540,Wake,1969-03-28,57,1,1,2021-11-14,NULL
97,97,Lisa,Adams,Female,206-555-3768,lisa121@fakeinbox.net,"15582 Pine St",Clayton,NC,27520,Johnston,1951-01-26,75,1,1,2023-11-01,NULL
98,98,Luna,White,Female,251-555-6703,lwhite443@fakemail.com,"79872 Spruce Ln",Raleigh,NC,27614,Wake,1988-07-18,37,1,1,2020-01-02,NULL
99,99,Charlotte,White,Female,392-555-5046,charlottewhite231@offlinemail.com,"31949 Elm St",Cary,NC,27511,Wake,2000-08-02,25,1,0,2024-01-24,NULL
100,100,John,Jones,Male,263-555-9985,jones370@fakemail.com,"81495 Church St",Broadway,NC,27505,Harnett,1981-10-06,44,1,1,2019-06-29,NULL
101,101,Richard,Taylor,Male,289-555-6756,taylor713@fakemail.com,"87380 Church St",Garner,NC,27529,Wake,1992-10-23,33,1,1,2020-10-22,NULL
102,102,Jennifer,Jones,Female,344-555-1770,jenniferjones201@fakeinbox.net,"90145 Walnut Ave",Raleigh,NC,27606,Wake,1967-01-06,59,1,0,2019-04-18,NULL
103,103,Matthew,Miller,Male,275-555-1492,matthewmiller809@notinbox.net,"21690 Lincoln Ave",Raleigh,NC,27606,Wake,1956-11-05,69,0,1,2021-04-26,2024-03-29
104,104,Barbara,Rodriguez,Female,236-555-6782,barbara853@fakemail.com,"58059 Maple Ave",Sanford,NC,27330,Lee,1992-02-27,34,1,1,2020-02-12,NULL
105,105,Matthew,Clark,Male,452-555-3290,matthewc257@nachomail.net,"99094 Laurel Rd",Morrisville,NC,27560,Wake,1940-02-22,86,1,0,2021-12-01,NULL
106,106,Lisa,Davis,Female,467-555-8930,davislisa216@notinbox.net,"45064 State St",Dunn,NC,28334,Harnett,1967-09-22,58,0,0,2021-04-26,2025-06-22
107,107,Florence,Bell,Female,215-555-4813,bell41@offlinemail.com,"41742 Circle Dr",Sanford,NC,27330,Lee,1986-02-25,40,1,1,2022-10-26,NULL
108,108,John,Clark,Male,220-555-1320,clarkjohn278@fakemail.com,"50721 Maple Ave",Durham,NC,27701,Durham,1964-07-29,61,1,1,2026-03-06,NULL
109,109,Barbara,Carter,Female,295-555-7703,bcarter503@fakemail.com,"90025 Magnolia Rd",Broadway,NC,27505,Harnett,1948-07-09,77,1,0,2021-08-13,NULL
110,110,Stephanie,Green,Female,446-555-3150,stephaniegreen439@offlinemail.com,"57555 Washington St",Angier,NC,27501,Harnett,1946-05-15,80,1,1,2025-02-04,NULL
111,111,Michael,Hernandez,Male,260-555-3160,mhernandez799@fakemail.com,"56421 Jefferson St",Apex,NC,27502,Wake,1970-01-23,56,1,0,2019-10-21,NULL
112,112,Lisa,Hill,Female,208-555-1080,hill438@notinbox.net,"38893 Circle Dr",Durham,NC,27701,Durham,1973-02-18,53,1,1,2019-04-10,NULL
113,113,Daniel,James,Male,320-555-9733,jamesdaniel474@offlinemail.com,"38691 Laurel Rd",Durham,NC,27701,Durham,1981-05-05,45,1,0,2025-03-23,NULL
114,114,David,Davis,Male,342-555-2015,davis947@notinbox.net,"19494 State St","Holly Springs",NC,27540,Wake,1960-02-20,66,1,1,2020-03-20,NULL
115,115,Joseph,Garcia,Male,412-555-2506,garciajoseph830@offlinemail.com,"79329 Washington St",Raleigh,NC,27607,Wake,1954-09-15,71,0,0,2023-08-20,2024-09-26
116,116,Robert,Lopez,Male,391-555-6265,lopez239@fakeinbox.net,"41907 State St",Raleigh,NC,27614,Wake,2003-03-10,23,1,0,2025-01-28,NULL
117,117,Charlotte,Jones,Female,280-555-3089,charlottej605@notinbox.net,"3086 Shady Ln",Raleigh,NC,27601,Wake,1976-08-04,49,1,1,2021-09-21,NULL
118,118,Christopher,Anderson,Male,305-555-1417,canderson97@fakeinbox.net,"86622 Shady Ln","Holly Springs",NC,27540,Wake,1981-01-28,45,0,1,2020-09-03,2023-11-16
119,119,Jessica,Baker,Female,449-555-2174,baker206@offlinemail.com,"12969 Shady Ln",Raleigh,NC,27615,Wake,1995-05-27,31,1,0,2024-02-19,NULL
120,120,John,Davis,Male,380-555-8420,johndavis677@fakemail.com,"70663 Laurel Rd",Cary,NC,27513,Wake,1954-06-26,71,1,1,2022-02-20,NULL
121,121,Patricia,Martin,Female,460-555-2847,martinpatricia687@fakemail.com,"97932 Washington St",Cary,NC,27513,Wake,1995-12-11,30,1,0,2019-04-16,NULL
122,122,Randy,Williams,Male,397-555-5210,randyw875@nachomail.net,"61390 Magnolia Rd",Raleigh,NC,27607,Wake,1946-03-13,80,1,0,2025-07-25,NULL
123,123,Christopher,Brown,Male,214-555-8660,christopherbrown499@offlinemail.com,"78736 Central Ave",Broadway,NC,27505,Harnett,1957-03-25,69,1,0,2021-11-12,NULL
124,124,Liam,Johnson,Male,473-555-8357,liamjohnson979@offlinemail.com,"97327 Cedar Ln",Sanford,NC,27330,Lee,1984-03-01,42,1,1,2020-11-28,NULL
125,125,Randy,Kelly,Male,338-555-2455,randykelly898@notinbox.net,"95044 Cardinal Ave",Durham,NC,27701,Durham,2004-12-17,21,1,1,2019-12-13,NULL
126,126,Stephanie,Bell,Female,210-555-8230,bell269@fakeinbox.net,"8140 Dogwood St",Durham,NC,27704,Durham,1953-09-10,72,0,1,2020-09-27,2024-02-03
127,127,Elizabeth,Taylor,Female,496-555-1806,elizabetht303@nachomail.net,"89542 Hummingbird Dr",Raleigh,NC,27604,Wake,1950-12-29,75,1,1,2025-09-22,NULL
128,128,Florence,Anderson,Female,480-555-7478,andersonflorence572@fakeinbox.net,"69539 Elm St",Erwin,NC,28339,Harnett,2001-09-19,24,0,1,2022-09-01,2023-10-15
129,129,Florence,James,Female,281-555-8841,florencej109@fakeinbox.net,"71015 Maple Ave",Raleigh,NC,27601,Wake,1959-04-20,67,1,1,2021-11-27,NULL
130,130,Mary,Green,Female,263-555-4528,mary238@fakemail.com,"49158 Pine St",Raleigh,NC,27616,Wake,1986-07-14,39,0,1,2024-11-06,2025-11-27
131,131,Jessica,Miller,Female,380-555-1944,jessica748@fakeinbox.net,"8082 Washington St",Dunn,NC,28334,Harnett,1971-11-25,54,0,0,2022-09-12,2025-05-12
132,132,Jason,Martinez,Male,265-555-7661,jasonmartinez648@notinbox.net,"6083 Magnolia Rd","Holly Springs",NC,27540,Wake,1991-01-07,35,0,1,2019-12-06,2023-02-26
133,133,Susan,Miller,Female,247-555-2551,susan319@fakemail.com,"31682 Cedar Ln",Erwin,NC,28339,Harnett,1958-11-14,67,1,0,2021-10-22,NULL
134,134,Richard,Adams,Male,391-555-6145,adams555@fakemail.com,"93864 Elm St",Raleigh,NC,27612,Wake,1984-04-11,42,1,1,2019-03-10,NULL
135,135,Richard,Lee,Male,409-555-3502,richardl51@nachomail.net,"42746 Hummingbird Dr",Cary,NC,27513,Wake,1984-10-07,41,1,1,2026-01-21,NULL
136,136,Matthew,Williams,Male,486-555-6135,mwilliams453@fakemail.com,"70782 Birch St",Garner,NC,27529,Wake,1983-11-23,42,1,0,2024-08-17,NULL
137,137,Thomas,Garcia,Male,285-555-9669,thomasgarcia404@offlinemail.com,"52987 Lincoln Ave",Raleigh,NC,27607,Wake,1957-11-27,68,1,1,2025-12-21,NULL
138,138,William,Anderson,Male,344-555-7053,williamanderson913@fakemail.com,"4512 Maple Ave",Raleigh,NC,27606,Wake,1951-02-20,75,0,1,2019-10-30,2021-10-31
139,139,Luna,Lee,Female,368-555-1182,luna551@offlinemail.com,"9497 Church St",Clayton,NC,27520,Johnston,1985-04-30,41,1,1,2022-07-01,NULL
140,140,Liam,James,Male,487-555-4805,liamjames129@fakeinbox.net,"9397 Pine St",Morrisville,NC,27560,Wake,1942-01-23,84,1,1,2026-03-15,NULL
141,141,Christopher,Wilson,Male,326-555-1150,wilson955@offlinemail.com,"15560 Church St",Lillington,NC,27546,Harnett,1990-12-03,35,1,1,2022-09-12,NULL
142,142,Charles,Hill,Male,424-555-4382,hillcharles980@fakemail.com,"38895 Jefferson St",Durham,NC,27701,Durham,1985-05-09,41,1,1,2023-02-22,NULL
143,143,Christopher,James,Male,397-555-2559,cjames766@fakemail.com,"42258 Lakeview Dr",Raleigh,NC,27604,Wake,2003-08-08,22,1,0,2021-05-11,NULL
144,144,Florence,Brown,Female,472-555-2916,brown831@fakeinbox.net,"70275 Cardinal Ave",Raleigh,NC,27604,Wake,1973-04-02,53,0,1,2020-05-09,2020-07-13
145,145,Richard,Clark,Male,414-555-4317,clarkrichard271@fakemail.com,"9902 Jefferson St",Raleigh,NC,27607,Wake,1974-05-20,52,1,0,2023-03-31,NULL
146,146,Andrew,Wilson,Male,404-555-9659,andreww150@notinbox.net,"12729 Oak St",Sanford,NC,27330,Lee,1979-08-23,46,1,0,2020-05-04,NULL
147,147,Elizabeth,Miller,Female,310-555-7128,millerelizabeth520@notinbox.net,"17570 Park St",Raleigh,NC,27615,Wake,2005-09-27,20,1,1,2020-03-26,NULL
148,148,Jessica,Hill,Female,256-555-6105,jessica704@nachomail.net,"3502 Chestnut St",Raleigh,NC,27612,Wake,1994-07-29,31,1,0,2021-02-22,NULL
149,149,Patricia,Hernandez,Female,412-555-6057,phernandez475@offlinemail.com,"5435 Laurel Rd",Dunn,NC,28334,Harnett,1997-04-28,29,1,1,2026-01-08,NULL
150,150,Daniel,James,Male,206-555-4538,daniel408@nachomail.net,"44088 Dogwood St",Garner,NC,27529,Wake,1966-01-30,60,1,0,2025-11-09,NULL
151,151,Matthew,Johnson,Male,283-555-3674,mjohnson418@offlinemail.com,"26619 Circle Dr",Raleigh,NC,27604,Wake,1945-06-15,80,0,1,2023-04-13,2023-12-09
152,152,Charlotte,Cooper,Female,378-555-6689,charlottecooper837@offlinemail.com,"60189 Shady Ln",Durham,NC,27701,Durham,1964-06-18,61,1,1,2020-11-24,NULL
153,153,David,Hernandez,Male,462-555-9223,davidh350@fakemail.com,"76367 Birch St",Durham,NC,27701,Durham,1990-09-21,35,0,0,2021-10-16,2021-10-21
154,154,Luna,Bell,Female,315-555-8952,lunab619@fakemail.com,"46175 Chestnut St",Broadway,NC,27505,Harnett,1943-12-15,82,1,1,2022-06-08,NULL
155,155,Charlotte,Hill,Female,361-555-2239,hill172@offlinemail.com,"9905 Hummingbird Dr",Durham,NC,27704,Durham,1946-10-05,79,1,0,2024-11-14,NULL
156,156,Charlotte,Taylor,Female,331-555-4282,taylor301@fakeinbox.net,"69346 Oak St",Cary,NC,27513,Wake,1952-06-14,73,1,1,2023-07-03,NULL
157,157,Joseph,Taylor,Male,429-555-8915,taylor237@fakeinbox.net,"7942 Pine St",Raleigh,NC,27612,Wake,1993-02-04,33,0,1,2020-02-10,2022-04-27
158,158,Stephanie,Cooper,Female,205-555-2744,stephanie615@nachomail.net,"73258 Maple Ave",Raleigh,NC,27604,Wake,1944-03-27,82,1,1,2022-09-21,NULL
159,159,Jennifer,Jones,Female,394-555-4030,jennifer947@fakemail.com,"7173 Maple Ave",Cary,NC,27513,Wake,1950-09-29,75,1,1,2022-11-28,NULL
160,160,Charlotte,Carter,Female,483-555-8687,charlotte874@notinbox.net,"66109 Cedar Ln",Broadway,NC,27505,Harnett,1962-10-24,63,0,0,2023-06-12,2025-08-30
161,161,Charles,Brown,Male,342-555-1396,brown176@fakeinbox.net,"27619 Main St",Erwin,NC,28339,Harnett,1974-12-03,51,1,1,2020-01-10,NULL
162,162,David,Green,Male,209-555-3677,davidg268@offlinemail.com,"19738 Central Ave",Fuquay-Varina,NC,27526,Wake,1947-10-25,78,1,0,2020-11-02,NULL
163,163,Liam,Davis,Male,316-555-4940,davisliam765@fakemail.com,"38087 Chestnut St",Broadway,NC,27505,Harnett,1951-07-29,74,1,1,2025-02-10,NULL
164,164,Christopher,Smith,Male,341-555-1138,christophers641@fakemail.com,"82379 Lincoln Ave",Erwin,NC,28339,Harnett,1984-01-20,42,1,1,2022-03-22,NULL
165,165,Thomas,Smith,Male,453-555-2214,thomas227@fakemail.com,"53536 Pine St","Holly Springs",NC,27540,Wake,1946-04-13,80,1,1,2024-01-17,NULL
166,166,Matthew,Brown,Male,204-555-4982,matthewbrown741@offlinemail.com,"62316 Elm St",Raleigh,NC,27607,Wake,1955-06-16,70,1,1,2020-01-07,NULL
167,167,Andrew,Hernandez,Male,413-555-2787,andrewhernandez598@fakemail.com,"15178 Cardinal Ave",Broadway,NC,27505,Harnett,1952-03-03,74,1,1,2023-06-26,NULL
168,168,Richard,White,Male,453-555-6593,richardw635@notinbox.net,"70039 Laurel Rd",Lillington,NC,27546,Harnett,1965-05-03,61,1,1,2023-10-29,NULL
169,169,Jessica,Adams,Female,426-555-5580,jessicaa672@fakeinbox.net,"9725 Park St",Durham,NC,27704,Durham,1956-10-31,69,1,0,2022-05-25,NULL
170,170,Stephanie,Anderson,Female,319-555-8305,anderson635@offlinemail.com,"9587 Main St",Broadway,NC,27505,Harnett,1967-05-05,59,1,1,2021-07-02,NULL
171,171,John,Brown,Male,252-555-7160,jbrown467@notinbox.net,"81162 Park St",Fuquay-Varina,NC,27526,Wake,1971-12-05,54,1,1,2021-04-26,NULL
172,172,Jennifer,Bell,Female,219-555-8255,jenniferb294@offlinemail.com,"22804 Maple Ave",Garner,NC,27529,Wake,1993-10-15,32,0,1,2023-05-09,2025-10-11
173,173,Charlotte,James,Female,428-555-3403,jamescharlotte103@nachomail.net,"47003 Maple Ave",Raleigh,NC,27604,Wake,1961-06-21,64,1,1,2025-03-07,NULL
174,174,Thomas,Jones,Male,233-555-2723,thomasj403@offlinemail.com,"20868 Lincoln Ave",Broadway,NC,27505,Harnett,1964-06-01,62,1,1,2023-02-11,NULL
175,175,Michael,Brown,Male,474-555-7553,brown319@notinbox.net,"85144 Elm St",Angier,NC,27501,Harnett,1958-12-02,67,1,0,2021-01-07,NULL
176,176,Charlotte,Edwards,Female,375-555-8184,charlotteedwards666@nachomail.net,"43996 Walnut Ave",Apex,NC,27502,Wake,1992-12-07,33,1,0,2024-01-11,NULL
177,177,Jason,Baker,Male,339-555-9797,baker54@offlinemail.com,"21642 Cardinal Ave",Raleigh,NC,27612,Wake,1982-08-30,43,1,1,2023-07-17,NULL
178,178,Florence,James,Female,408-555-3103,jamesflorence833@fakeinbox.net,"90884 Lakeview Dr","Holly Springs",NC,27540,Wake,1987-06-24,38,1,0,2019-05-06,NULL
179,179,Robert,White,Male,223-555-8272,white661@offlinemail.com,"98714 Main St",Lillington,NC,27546,Harnett,1950-10-04,75,1,1,2021-08-20,NULL
180,180,Charlotte,Carter,Female,334-555-1207,charlottec588@nachomail.net,"5546 Church St","Holly Springs",NC,27540,Wake,1966-03-27,60,1,1,2023-11-13,NULL
181,181,Florence,Allen,Female,293-555-8947,florence58@notinbox.net,"15647 Pine St",Morrisville,NC,27560,Wake,1943-05-31,83,1,1,2020-11-19,NULL
182,182,Daniel,Kelly,Male,432-555-6117,kellydaniel154@nachomail.net,"29492 Jefferson St",Cary,NC,27513,Wake,1954-04-14,72,1,1,2021-02-04,NULL
183,183,Joseph,Anderson,Male,203-555-1998,janderson582@nachomail.net,"52429 Lincoln Ave",Raleigh,NC,27616,Wake,1996-02-21,30,0,1,2020-02-24,2025-01-06
184,184,Liam,White,Male,303-555-2703,liamw186@notinbox.net,"74339 Hummingbird Dr",Raleigh,NC,27614,Wake,1962-12-22,63,0,1,2026-03-26,2026-04-05
185,185,Liam,Adams,Male,337-555-8742,liam794@nachomail.net,"70041 Chestnut St",Morrisville,NC,27560,Wake,1974-07-12,51,1,0,2020-11-18,NULL
186,186,Nancy,Jones,Female,428-555-7278,nancyjones523@fakeinbox.net,"19279 State St",Clayton,NC,27520,Johnston,1977-12-12,48,1,1,2025-11-15,NULL
187,187,Joseph,Green,Male,228-555-5109,josephg905@fakemail.com,"11247 Church St",Morrisville,NC,27560,Wake,1982-02-06,44,0,0,2022-08-17,2022-10-20
188,188,Randy,Hernandez,Male,394-555-7370,rhernandez920@fakeinbox.net,"62025 Park St",Garner,NC,27529,Wake,1950-03-31,76,1,1,2025-08-19,NULL
189,189,Richard,Lee,Male,386-555-6709,lee664@offlinemail.com,"95657 Laurel Rd",Durham,NC,27701,Durham,1994-08-15,31,1,0,2024-03-01,NULL
190,190,Joseph,Williams,Male,250-555-8886,williams102@fakeinbox.net,"27407 Laurel Rd",Erwin,NC,28339,Harnett,1992-09-03,33,1,0,2024-12-06,NULL
191,191,William,Smith,Male,379-555-8570,smith582@notinbox.net,"23518 Cedar Ln",Erwin,NC,28339,Harnett,1987-06-03,39,1,1,2025-11-18,NULL
192,192,Susan,Taylor,Female,253-555-9836,staylor221@fakeinbox.net,"60712 Central Ave",Angier,NC,27501,Harnett,1972-03-20,54,1,0,2021-01-27,NULL
193,193,James,Bell,Male,349-555-3672,jamesb756@offlinemail.com,"15178 Hummingbird Dr",Morrisville,NC,27560,Wake,1962-11-07,63,1,1,2023-04-09,NULL
194,194,Luna,Martinez,Female,292-555-1727,luna628@nachomail.net,"24065 Birch St",Raleigh,NC,27616,Wake,1987-12-07,38,1,1,2019-07-28,NULL
195,195,Joseph,Baker,Male,370-555-1399,bakerjoseph929@offlinemail.com,"68684 Lincoln Ave",Sanford,NC,27330,Lee,1994-11-19,31,1,0,2023-08-05,NULL
196,196,Luna,Hernandez,Female,287-555-2407,lunahernandez374@notinbox.net,"94644 Shady Ln",Clayton,NC,27520,Johnston,1987-02-08,39,1,1,2025-09-12,NULL
197,197,Jennifer,Johnson,Female,435-555-1896,johnson669@notinbox.net,"21849 Walnut Ave",Sanford,NC,27330,Lee,1984-07-29,41,1,0,2024-03-01,NULL
198,198,Florence,Brown,Female,200-555-1662,florence458@nachomail.net,"50733 Circle Dr",Angier,NC,27501,Harnett,2003-08-03,22,1,0,2024-09-22,NULL
199,199,Elizabeth,Davis,Female,298-555-3959,davis279@fakeinbox.net,"69039 Laurel Rd",Durham,NC,27704,Durham,1940-09-24,85,0,1,2022-09-15,2025-07-05
200,200,Luna,Baker,Female,474-555-4134,lunab984@nachomail.net,"10139 Magnolia Rd",Angier,NC,27501,Harnett,1962-10-14,63,1,0,2023-11-18,NULL
201,201,Robert,Martin,Male,482-555-3303,robert717@offlinemail.com,"3735 Park St",Sanford,NC,27330,Lee,2004-12-04,21,1,0,2025-10-20,NULL
202,202,Randy,Jones,Male,411-555-2913,rjones3@fakemail.com,"62000 Church St",Cary,NC,27511,Wake,1954-05-10,72,1,1,2023-10-27,NULL
203,203,Luna,Williams,Female,412-555-4434,williamsluna140@notinbox.net,"18488 Dogwood St",Durham,NC,27701,Durham,2004-04-29,22,1,0,2022-09-10,NULL
204,204,Luna,Rodriguez,Female,401-555-9931,lunar479@nachomail.net,"91388 Laurel Rd",Apex,NC,27502,Wake,2005-01-19,21,1,1,2022-12-31,NULL
205,205,Jessica,Taylor,Female,217-555-7244,taylorjessica409@nachomail.net,"81031 Circle Dr",Raleigh,NC,27606,Wake,2003-02-28,23,0,1,2019-05-18,2024-09-09
206,206,Stephanie,Rodriguez,Female,394-555-6845,stephanierodriguez856@nachomail.net,"89580 Maple Ave",Raleigh,NC,27614,Wake,1971-12-30,54,1,0,2022-06-27,NULL
207,207,Patricia,Bell,Female,403-555-2374,patriciab780@notinbox.net,"28978 Park St",Cary,NC,27513,Wake,1949-08-22,76,1,1,2024-03-25,NULL
208,208,Luna,Thomas,Female,465-555-2305,lunathomas854@fakeinbox.net,"12917 Park St",Apex,NC,27502,Wake,1940-09-09,85,1,0,2020-02-21,NULL
209,209,William,Hill,Male,357-555-8538,williamhill359@offlinemail.com,"52791 Elm St",Garner,NC,27529,Wake,1987-10-15,38,1,0,2023-07-23,NULL
210,210,Florence,Cooper,Female,305-555-8276,florencecooper320@nachomail.net,"59909 State St",Raleigh,NC,27615,Wake,1964-05-19,62,1,0,2023-10-27,NULL
211,211,Nancy,Hill,Female,481-555-8537,nancy285@fakemail.com,"4769 Park St",Durham,NC,27701,Durham,1946-08-23,79,0,0,2024-04-19,2025-04-15
212,212,Thomas,Wilson,Male,366-555-8776,thomasw875@nachomail.net,"60050 Chestnut St",Durham,NC,27704,Durham,1953-09-20,72,0,1,2022-07-22,2023-03-20
213,213,Charles,Kelly,Male,298-555-6818,charlesk775@nachomail.net,"67583 Birch St",Erwin,NC,28339,Harnett,1945-09-13,80,1,1,2023-03-23,NULL
214,214,Michael,Moore,Male,463-555-5252,michael227@fakeinbox.net,"89546 Spruce Ln",Fuquay-Varina,NC,27526,Wake,1962-08-15,63,1,1,2021-09-26,NULL
215,215,James,Edwards,Male,314-555-5821,jamese444@fakemail.com,"66367 Pine St",Lillington,NC,27546,Harnett,1989-12-09,36,1,0,2020-01-01,NULL
216,216,Andrew,Davis,Male,377-555-7782,andrewdavis648@fakemail.com,"55408 Central Ave",Raleigh,NC,27614,Wake,1950-06-29,75,1,1,2023-01-25,NULL
217,217,Sarah,Bell,Female,278-555-2274,sbell527@nachomail.net,"92302 Birch St",Apex,NC,27502,Wake,1973-02-19,53,1,1,2021-10-16,NULL
218,218,Sarah,Green,Female,200-555-3190,sarah49@notinbox.net,"48239 Circle Dr",Durham,NC,27701,Durham,1954-06-27,71,1,0,2020-10-02,NULL
219,219,Susan,Cooper,Female,284-555-8895,susanc441@nachomail.net,"26178 Circle Dr",Fuquay-Varina,NC,27526,Wake,2001-01-24,25,0,0,2020-11-13,2022-12-28
220,220,Charlotte,Clark,Female,360-555-7510,cclark292@notinbox.net,"78490 Walnut Ave",Raleigh,NC,27607,Wake,1979-06-09,47,1,1,2022-12-14,NULL
221,221,Christopher,Martin,Male,277-555-6058,christopher190@fakemail.com,"79570 Pine St",Broadway,NC,27505,Harnett,1972-04-21,54,1,1,2023-01-19,NULL
222,222,Matthew,Wilson,Male,473-555-6437,matthewwilson168@nachomail.net,"3807 Cardinal Ave",Durham,NC,27701,Durham,1967-03-18,59,1,1,2020-02-13,NULL
223,223,Stephanie,Lee,Female,351-555-2546,stephanielee312@notinbox.net,"81128 Laurel Rd",Raleigh,NC,27614,Wake,1976-03-07,50,1,1,2019-09-16,NULL
224,224,Patricia,Miller,Female,270-555-8247,miller956@nachomail.net,"49592 Jefferson St","Holly Springs",NC,27540,Wake,2005-11-11,20,1,0,2019-03-09,NULL
225,225,Susan,Hernandez,Female,484-555-7760,susanhernandez250@offlinemail.com,"57303 Elm St",Dunn,NC,28334,Harnett,1955-02-13,71,1,1,2025-01-25,NULL
226,226,Daniel,Johnson,Male,234-555-2815,danieljohnson789@notinbox.net,"9201 Pine St",Lillington,NC,27546,Harnett,1980-10-09,45,1,1,2019-09-11,NULL
227,227,Stephanie,Bell,Female,360-555-7584,stephanie363@offlinemail.com,"64780 Spruce Ln",Raleigh,NC,27606,Wake,1995-07-16,30,1,1,2026-01-30,NULL
228,228,Thomas,Moore,Male,347-555-7829,thomas660@fakeinbox.net,"72552 Cardinal Ave",Raleigh,NC,27606,Wake,1981-11-16,44,1,0,2023-03-29,NULL
229,229,Robert,Lee,Male,419-555-5313,leerobert689@fakeinbox.net,"270 State St",Sanford,NC,27330,Lee,1941-04-27,85,1,1,2026-03-22,NULL
230,230,Liam,Anderson,Male,491-555-6077,liam228@offlinemail.com,"10841 Elm St",Dunn,NC,28334,Harnett,2003-05-07,23,1,1,2020-07-28,NULL
231,231,Matthew,Taylor,Male,490-555-1637,matthewtaylor783@offlinemail.com,"50527 Birch St",Raleigh,NC,27614,Wake,1954-04-18,72,1,1,2019-09-25,NULL
232,232,Thomas,White,Male,370-555-3374,thomas809@offlinemail.com,"14773 Lakeview Dr",Clayton,NC,27520,Johnston,1991-03-05,35,1,0,2025-03-20,NULL
233,233,Sarah,Cooper,Female,289-555-5825,scooper162@fakeinbox.net,"64774 Walnut Ave",Raleigh,NC,27607,Wake,1947-02-11,79,0,0,2024-12-13,2025-07-11
234,234,Nancy,Miller,Female,366-555-2353,nmiller391@offlinemail.com,"34435 Circle Dr",Raleigh,NC,27612,Wake,1960-02-21,66,1,0,2021-02-26,NULL
235,235,Jennifer,Wilson,Female,405-555-4137,wilsonjennifer533@fakeinbox.net,"89461 Magnolia Rd",Durham,NC,27701,Durham,1993-05-29,33,1,1,2023-02-08,NULL
236,236,John,Smith,Male,339-555-8981,smithjohn453@fakeinbox.net,"45186 Chestnut St",Erwin,NC,28339,Harnett,1940-05-29,86,0,1,2021-04-30,2026-02-16
237,237,William,Johnson,Male,296-555-5850,johnsonwilliam665@fakeinbox.net,"78804 Lincoln Ave",Raleigh,NC,27614,Wake,1950-03-19,76,1,1,2026-01-19,NULL
238,238,Nancy,Brown,Female,339-555-5668,nancybrown428@fakemail.com,"24145 State St",Fuquay-Varina,NC,27526,Wake,1967-12-14,58,1,1,2019-05-13,NULL
239,239,William,Martinez,Male,403-555-8714,martinezwilliam428@nachomail.net,"3408 Jefferson St",Raleigh,NC,27616,Wake,1975-12-21,50,1,1,2021-06-21,NULL
240,240,Barbara,Hill,Female,213-555-9214,barbarah195@notinbox.net,"31921 Central Ave",Raleigh,NC,27607,Wake,1956-06-28,69,1,1,2022-12-29,NULL
241,241,Thomas,Taylor,Male,319-555-1588,ttaylor55@offlinemail.com,"30023 Birch St",Cary,NC,27511,Wake,1989-03-20,37,1,1,2024-04-12,NULL
242,242,Susan,Wilson,Female,379-555-2181,wilson23@notinbox.net,"5822 Lincoln Ave",Raleigh,NC,27614,Wake,1958-03-18,68,0,1,2020-01-23,2023-07-04
243,243,Stephanie,Hernandez,Female,398-555-8114,stephanieh328@fakemail.com,"50234 Central Ave",Clayton,NC,27520,Johnston,1953-06-21,72,1,0,2024-04-24,NULL
244,244,Patricia,Taylor,Female,471-555-5979,patriciat349@fakeinbox.net,"95454 Circle Dr",Durham,NC,27704,Durham,1963-01-07,63,1,1,2024-02-24,NULL
245,245,Jennifer,Garcia,Female,317-555-1365,jennifergarcia807@offlinemail.com,"24686 Lincoln Ave",Sanford,NC,27330,Lee,1986-06-27,39,0,1,2024-07-31,2026-01-19
246,246,Elizabeth,Hernandez,Female,417-555-3444,elizabethhernandez826@notinbox.net,"94201 Jefferson St",Raleigh,NC,27606,Wake,1966-09-29,59,0,1,2021-11-30,2024-10-02
247,247,Randy,Hernandez,Male,430-555-3917,randy132@offlinemail.com,"33333 Lincoln Ave",Morrisville,NC,27560,Wake,1956-09-11,69,1,1,2019-02-10,NULL
248,248,Patricia,Cooper,Female,300-555-8177,patriciacooper89@nachomail.net,"77557 Chestnut St",Sanford,NC,27330,Lee,1984-07-15,41,1,1,2020-10-05,NULL
249,249,John,Green,Male,358-555-5121,greenjohn591@nachomail.net,"27727 Cedar Ln",Angier,NC,27501,Harnett,1979-07-10,46,0,1,2024-02-05,2025-07-18
250,250,Elizabeth,Martinez,Female,389-555-7636,martinez280@fakeinbox.net,"64937 Cardinal Ave",Cary,NC,27513,Wake,1980-07-21,45,0,0,2021-03-11,2022-12-30
251,251,Matthew,Hill,Male,466-555-9515,hill106@fakeinbox.net,"96588 Washington St",Durham,NC,27701,Durham,1984-05-11,42,1,1,2026-02-24,NULL
252,252,Andrew,Williams,Male,251-555-2079,awilliams327@fakeinbox.net,"46827 Walnut Ave",Angier,NC,27501,Harnett,1983-10-16,42,1,1,2023-07-29,NULL
253,253,Jason,Hill,Male,332-555-3526,jasonh536@fakeinbox.net,"98960 Pine St",Garner,NC,27529,Wake,1977-05-09,49,0,1,2021-12-07,2025-05-16
254,254,Robert,White,Male,258-555-7531,robert342@notinbox.net,"35832 State St",Morrisville,NC,27560,Wake,1960-03-17,66,1,0,2019-09-01,NULL
255,255,Jessica,Rodriguez,Female,269-555-7569,jessicarodriguez61@nachomail.net,"39103 Main St",Raleigh,NC,27612,Wake,1963-08-22,62,0,1,2019-10-29,2025-07-20
256,256,Robert,Baker,Male,457-555-5128,robertb589@nachomail.net,"21646 Dogwood St",Raleigh,NC,27606,Wake,1972-05-11,54,1,0,2019-07-25,NULL
257,257,Richard,Clark,Male,322-555-8802,richard120@fakeinbox.net,"83594 Church St",Raleigh,NC,27614,Wake,2000-11-05,25,1,0,2024-08-17,NULL
258,258,Luna,Williams,Female,343-555-9864,williams465@fakemail.com,"21441 Washington St",Raleigh,NC,27606,Wake,2005-03-03,21,1,1,2023-08-21,NULL
259,259,Randy,Allen,Male,281-555-9928,rallen233@nachomail.net,"26855 Maple Ave",Erwin,NC,28339,Harnett,1996-10-01,29,1,1,2025-04-19,NULL
260,260,Charlotte,Lee,Female,499-555-5413,lee145@fakemail.com,"22018 Church St",Raleigh,NC,27614,Wake,1957-08-11,68,0,1,2021-08-03,2021-11-17
261,261,Liam,Baker,Male,475-555-2020,bakerliam221@offlinemail.com,"95746 Cedar Ln",Raleigh,NC,27601,Wake,1983-08-14,42,1,1,2022-07-11,NULL
262,262,Thomas,Thomas,Male,290-555-8247,thomasthomas952@nachomail.net,"47473 Pine St",Erwin,NC,28339,Harnett,2002-02-03,24,0,1,2022-03-12,2024-11-05
263,263,Robert,Johnson,Male,309-555-9896,johnson768@notinbox.net,"99999 Chestnut St",Garner,NC,27529,Wake,1976-11-28,49,0,1,2019-12-07,2020-04-16
264,264,Liam,Kelly,Male,329-555-9388,kellyliam379@offlinemail.com,"40879 Lakeview Dr",Garner,NC,27529,Wake,1998-02-03,28,1,0,2023-01-11,NULL
265,265,Jessica,Davis,Female,431-555-3519,davis25@fakeinbox.net,"2197 Park St",Lillington,NC,27546,Harnett,1972-11-05,53,1,1,2022-10-25,NULL
266,266,Thomas,Moore,Male,228-555-5727,thomas261@fakemail.com,"30789 Walnut Ave",Broadway,NC,27505,Harnett,1979-12-21,46,1,0,2025-12-24,NULL
267,267,Lisa,Martin,Female,222-555-9604,lisam112@fakemail.com,"8324 Washington St",Garner,NC,27529,Wake,2003-09-15,22,1,1,2020-08-21,NULL
268,268,Barbara,Clark,Female,480-555-9715,barbaraclark491@notinbox.net,"26074 Birch St",Raleigh,NC,27614,Wake,1977-07-25,48,1,0,2020-10-16,NULL
269,269,Joseph,Smith,Male,473-555-6860,josephsmith40@nachomail.net,"36226 Chestnut St",Sanford,NC,27330,Lee,1996-05-18,30,1,0,2023-01-16,NULL
270,270,John,Lopez,Male,377-555-2484,lopezjohn128@fakeinbox.net,"10227 Shady Ln",Durham,NC,27701,Durham,1997-06-25,28,1,1,2019-04-18,NULL
271,271,Robert,Thomas,Male,352-555-1343,robertthomas966@fakemail.com,"36280 Magnolia Rd",Garner,NC,27529,Wake,1985-11-03,40,0,1,2021-05-06,2023-01-05
272,272,Jessica,Martin,Female,498-555-9814,jessicamartin780@nachomail.net,"58747 Oak St",Lillington,NC,27546,Harnett,1959-07-09,66,1,0,2023-01-01,NULL
273,273,William,Smith,Male,396-555-2394,wsmith91@offlinemail.com,"84622 State St",Raleigh,NC,27604,Wake,1999-08-28,26,1,0,2020-01-27,NULL
274,274,Mary,Bell,Female,327-555-5822,marybell829@fakemail.com,"85724 Jefferson St",Morrisville,NC,27560,Wake,1989-05-12,37,0,1,2020-08-28,2023-07-28
275,275,Sarah,White,Female,255-555-3341,white839@notinbox.net,"2322 Elm St",Raleigh,NC,27616,Wake,1944-03-11,82,0,0,2020-03-31,2023-09-19
276,276,Liam,Allen,Male,304-555-5080,liama676@nachomail.net,"32209 Lakeview Dr",Erwin,NC,28339,Harnett,1968-09-09,57,1,0,2023-11-09,NULL
277,277,Patricia,Lopez,Female,314-555-3277,patricial46@offlinemail.com,"46468 Shady Ln",Raleigh,NC,27607,Wake,1969-12-21,56,1,0,2021-10-15,NULL
278,278,Patricia,Lee,Female,324-555-8472,lee467@fakeinbox.net,"53991 Dogwood St",Raleigh,NC,27604,Wake,1985-08-04,40,1,0,2025-08-23,NULL
279,279,Charlotte,Adams,Female,415-555-8778,charlotteadams537@offlinemail.com,"77240 Walnut Ave",Raleigh,NC,27615,Wake,1968-01-26,58,1,0,2022-01-13,NULL
280,280,Charles,Green,Male,236-555-9622,cgreen999@fakeinbox.net,"67328 Maple Ave",Clayton,NC,27520,Johnston,1992-05-05,34,1,0,2021-07-06,NULL
281,281,Jason,Lopez,Male,234-555-7953,jasonl140@notinbox.net,"22235 Spruce Ln",Broadway,NC,27505,Harnett,1958-03-05,68,1,1,2022-06-14,NULL
282,282,Nancy,Davis,Female,271-555-9495,nancydavis963@nachomail.net,"18176 Cardinal Ave",Erwin,NC,28339,Harnett,1953-06-20,72,1,1,2021-06-10,NULL
283,283,William,Moore,Male,460-555-8530,williammoore211@nachomail.net,"73889 Church St",Dunn,NC,28334,Harnett,1942-09-01,83,0,1,2020-04-04,2022-03-09
284,284,Richard,Garcia,Male,375-555-6575,rgarcia533@offlinemail.com,"38630 Park St",Clayton,NC,27520,Johnston,1977-12-17,48,1,1,2020-12-16,NULL
285,285,William,Baker,Male,394-555-9991,williamb86@nachomail.net,"66284 Cardinal Ave",Raleigh,NC,27615,Wake,2005-08-17,20,1,1,2023-03-22,NULL
286,286,Christopher,Allen,Male,384-555-8083,allenchristopher992@fakemail.com,"35209 Spruce Ln",Raleigh,NC,27614,Wake,1981-08-07,44,0,1,2021-07-18,2025-09-12
287,287,Jennifer,White,Female,380-555-4671,jwhite614@fakemail.com,"15379 Main St",Apex,NC,27502,Wake,1941-08-03,84,0,0,2020-09-04,2023-01-13
288,288,Joseph,Moore,Male,247-555-2269,josephmoore516@offlinemail.com,"85353 Shady Ln",Sanford,NC,27330,Lee,1980-01-11,46,1,1,2021-06-26,NULL
289,289,Barbara,Green,Female,307-555-2009,barbarag664@nachomail.net,"30624 Washington St",Raleigh,NC,27607,Wake,1945-06-19,80,1,1,2022-11-20,NULL
290,290,Charles,Kelly,Male,436-555-6929,ckelly45@fakemail.com,"20471 Magnolia Rd",Raleigh,NC,27614,Wake,1997-07-05,28,0,1,2019-09-30,2022-10-31
291,291,John,Wilson,Male,274-555-5067,johnwilson257@offlinemail.com,"33851 Church St",Raleigh,NC,27606,Wake,1946-01-06,80,1,1,2023-08-12,NULL
292,292,Luna,Cooper,Female,372-555-2311,cooper780@nachomail.net,"89796 Shady Ln",Cary,NC,27511,Wake,1983-03-29,43,1,1,2020-08-28,NULL
293,293,Stephanie,Rodriguez,Female,260-555-3387,rodriguez464@notinbox.net,"71402 Pine St",Dunn,NC,28334,Harnett,1977-01-18,49,1,1,2020-09-20,NULL
294,294,Susan,Lee,Female,355-555-8634,lee99@offlinemail.com,"19212 Chestnut St",Raleigh,NC,27616,Wake,2002-08-07,23,1,1,2022-08-17,NULL
295,295,William,White,Male,301-555-7686,william318@fakemail.com,"20144 Shady Ln",Erwin,NC,28339,Harnett,1956-10-26,69,1,1,2024-09-12,NULL
296,296,Daniel,Moore,Male,273-555-7982,danielmoore949@offlinemail.com,"2416 Spruce Ln",Sanford,NC,27330,Lee,1949-10-21,76,1,1,2022-01-26,NULL
297,297,Christopher,Moore,Male,363-555-4815,moorechristopher897@notinbox.net,"26764 State St",Morrisville,NC,27560,Wake,1971-09-02,54,1,0,2024-07-11,NULL
298,298,Michael,Lee,Male,492-555-9089,leemichael658@offlinemail.com,"90530 Shady Ln",Garner,NC,27529,Wake,1976-11-30,49,1,0,2022-11-17,NULL
299,299,Thomas,Allen,Male,355-555-9150,allenthomas667@notinbox.net,"85024 Lincoln Ave",Apex,NC,27502,Wake,1989-11-21,36,1,1,2021-10-19,NULL
300,300,Elizabeth,Martin,Female,331-555-4812,martinelizabeth431@nachomail.net,"33135 Spruce Ln",Broadway,NC,27505,Harnett,1977-08-14,48,1,1,2021-05-12,NULL
